solar_size,prod_cost_wt,hour,demand_kWh,dual,marginal_plant,marginal_type,technology_cost,emissions,flat_unit,flat_unit_eff
0,0.0,0,4619197.168,0.03057853759793701,HEDJ 1,hydro,492647328.0000123,72866367.43946257,TENT B1,0.9671517922249849
0,0.0,1,4461630.298,0.03057853759793701,HEDJ 1,hydro,492647328.0000123,72866367.43946257,TENT B1,0.9671517922249849
0,0.0,2,4469923.292,0.03057853759793701,HEDJ 1,hydro,492647328.0000123,72866367.43946257,TENT B1,0.9671517922249849
0,0.0,3,4386993.36,0.03057853759793701,HEDJ 1,hydro,492647328.0000123,72866367.43946257,TENT B1,0.9671517922249849
0,0.0,4,4254305.47,0.03057853759793701,HEDJ 1,hydro,492647328.0000123,72866367.43946257,TENT B1,0.9671517922249849
0,0.0,5,4204547.512,0.03057853759793701,HEDJ 1,hydro,492647328.0000123,72866367.43946257,TENT B1,0.9671517922249849
0,0.0,6,4672900.0,0.03057853759793701,HEDJ 1,hydro,492647328.0000123,72866367.43946257,TENT B1,0.9671517922249849
0,0.0,7,5038100.0,0.6435593760903592,TETO NS,thermal-gas,492647328.0000123,72866367.43946257,TENT B1,0.9671517922249849
0,0.0,8,5071300.0,0.6435593760903592,TETO NS,thermal-gas,492647328.0000123,72866367.43946257,TENT B1,0.9671517922249849
0,0.0,9,5046400.0,0.6435593760903592,TETO NS,thermal-gas,492647328.0000123,72866367.43946257,TENT B1,0.9671517922249849
0,0.0,10,5046400.0,0.6435593760903592,TETO NS,thermal-gas,492647328.0000123,72866367.43946257,TENT B1,0.9671517922249849
0,0.0,11,5029800.0,0.6435593760903592,TETO NS,thermal-gas,492647328.0000123,72866367.43946257,TENT B1,0.9671517922249849
0,0.0,12,4980000.0,0.6435593760903592,TETO NS,thermal-gas,492647328.0000123,72866367.43946257,TENT B1,0.9671517922249849
0,0.0,13,4963400.0,0.6435593760903592,TETO NS,thermal-gas,492647328.0000123,72866367.43946257,TENT B1,0.9671517922249849
0,0.0,14,4921900.0,0.03207775026623007,Vrla 1,hydro,492647328.0000123,72866367.43946257,TENT B1,0.9671517922249849
0,0.0,15,4921900.0,0.03207775026623007,Vrla 1,hydro,492647328.0000123,72866367.43946257,TENT B1,0.9671517922249849
0,0.0,16,4921900.0,0.03207775026623007,Vrla 1,hydro,492647328.0000123,72866367.43946257,TENT B1,0.9671517922249849
0,0.0,17,5096200.0,0.6435593760903592,TETO NS,thermal-gas,492647328.0000123,72866367.43946257,TENT B1,0.9671517922249849
0,0.0,18,5187500.0,15.761049787225554,mixed,mixed,492647328.0000123,72866367.43946257,TENT B1,0.9671517922249849
0,0.0,19,5174827.707,0.6435593760903593,TETO NS,thermal-gas,492647328.0000123,72866367.43946257,TENT B1,0.9671517922249849
0,0.0,20,5158241.72,0.6435593760903593,TETO NS,thermal-gas,492647328.0000123,72866367.43946257,TENT B1,0.9671517922249849
0,0.0,21,4967502.879,0.6435593760903593,TETO NS,thermal-gas,492647328.0000123,72866367.43946257,TENT B1,0.9671517922249849
0,0.0,22,4793350.023,0.03057853759793701,HEDJ 1,hydro,492647328.0000123,72866367.43946257,TENT B1,0.9671517922249849
0,0.0,23,4635783.154,0.03057853759793701,HEDJ 1,hydro,492647328.0000123,72866367.43946257,TENT B1,0.9671517922249849
0,0.05,0,4619197.168,0.11823701204535642,HEDJ 1,hydro,492555230.0604522,72866645.1890701,TENT B1,1.178273951747268
0,0.05,1,4461630.298,0.11823701204535642,HEDJ 1,hydro,492555230.0604522,72866645.1890701,TENT B1,1.178273951747268
0,0.05,2,4469923.292,0.11823701204535642,HEDJ 1,hydro,492555230.0604522,72866645.1890701,TENT B1,1.178273951747268
0,0.05,3,4386993.36,0.11823701204535642,HEDJ 1,hydro,492555230.0604522,72866645.1890701,TENT B1,1.178273951747268
0,0.05,4,4254305.47,0.11823701204535642,HEDJ 1,hydro,492555230.0604522,72866645.1890701,TENT B1,1.178273951747268
0,0.05,5,4204547.512,0.11823701204535642,HEDJ 1,hydro,492555230.0604522,72866645.1890701,TENT B1,1.178273951747268
0,0.05,6,4672900.0,0.11823701204535642,HEDJ 1,hydro,492555230.0604522,72866645.1890701,TENT B1,1.178273951747268
0,0.05,7,5038100.0,1.3994132963760773,TETO NS,thermal-gas,492555230.0604522,72866645.1890701,TENT B1,1.178273951747268
0,0.05,8,5071300.0,1.3994132963760773,TETO NS,thermal-gas,492555230.0604522,72866645.1890701,TENT B1,1.178273951747268
0,0.05,9,5046400.0,1.3994132963760773,TETO NS,thermal-gas,492555230.0604522,72866645.1890701,TENT B1,1.178273951747268
0,0.05,10,5046400.0,1.3994132963760773,TETO NS,thermal-gas,492555230.0604522,72866645.1890701,TENT B1,1.178273951747268
0,0.05,11,5029800.0,1.3994132963760773,TETO NS,thermal-gas,492555230.0604522,72866645.1890701,TENT B1,1.178273951747268
0,0.05,12,4980000.0,1.3994132963760773,TETO NS,thermal-gas,492555230.0604522,72866645.1890701,TENT B1,1.178273951747268
0,0.05,13,4963400.0,1.3994132963760773,TETO NS,thermal-gas,492555230.0604522,72866645.1890701,TENT B1,1.178273951747268
0,0.05,14,4921900.0,0.1240339676960896,Vrla 1,hydro,492555230.0604522,72866645.1890701,TENT B1,1.178273951747268
0,0.05,15,4921900.0,0.1240339676960896,Vrla 1,hydro,492555230.0604522,72866645.1890701,TENT B1,1.178273951747268
0,0.05,16,4921900.0,0.1240339676960896,Vrla 1,hydro,492555230.0604522,72866645.1890701,TENT B1,1.178273951747268
0,0.05,17,5096200.0,1.3994132963760773,TETO NS,thermal-gas,492555230.0604522,72866645.1890701,TENT B1,1.178273951747268
0,0.05,18,5187500.0,11.448793570301117,mixed,mixed,492555230.0604522,72866645.1890701,TENT B1,1.178273951747268
0,0.05,19,5174827.707,1.3994132963760773,TETO NS,thermal-gas,492555230.0604522,72866645.1890701,TENT B1,1.178273951747268
0,0.05,20,5158241.72,1.3994132963760773,TETO NS,thermal-gas,492555230.0604522,72866645.1890701,TENT B1,1.178273951747268
0,0.05,21,4967502.879,1.3994132963760773,TETO NS,thermal-gas,492555230.0604522,72866645.1890701,TENT B1,1.178273951747268
0,0.05,22,4793350.023,0.11823701204535642,HEDJ 1,hydro,492555230.0604522,72866645.1890701,TENT B1,1.178273951747268
0,0.05,23,4635783.154,0.11823701204535642,HEDJ 1,hydro,492555230.0604522,72866645.1890701,TENT B1,1.178273951747268
0,0.1,0,4619197.168,0.20589548649277578,HEDJ 1,hydro,492555230.0604522,72866645.1890701,TENT B1,1.3893961112695514
0,0.1,1,4461630.298,0.20589548649277578,HEDJ 1,hydro,492555230.0604522,72866645.1890701,TENT B1,1.3893961112695514
0,0.1,2,4469923.292,0.20589548649277578,HEDJ 1,hydro,492555230.0604522,72866645.1890701,TENT B1,1.3893961112695514
0,0.1,3,4386993.36,0.20589548649277578,HEDJ 1,hydro,492555230.0604522,72866645.1890701,TENT B1,1.3893961112695514
0,0.1,4,4254305.47,0.20589548649277578,HEDJ 1,hydro,492555230.0604522,72866645.1890701,TENT B1,1.3893961112695514
0,0.1,5,4204547.512,0.20589548649277578,HEDJ 1,hydro,492555230.0604522,72866645.1890701,TENT B1,1.3893961112695514
0,0.1,6,4672900.0,0.20589548649277578,HEDJ 1,hydro,492555230.0604522,72866645.1890701,TENT B1,1.3893961112695514
0,0.1,7,5038100.0,2.155267216661795,TETO NS,thermal-gas,492555230.0604522,72866645.1890701,TENT B1,1.3893961112695514
0,0.1,8,5071300.0,2.155267216661795,TETO NS,thermal-gas,492555230.0604522,72866645.1890701,TENT B1,1.3893961112695514
0,0.1,9,5046400.0,2.155267216661795,TETO NS,thermal-gas,492555230.0604522,72866645.1890701,TENT B1,1.3893961112695514
0,0.1,10,5046400.0,2.155267216661795,TETO NS,thermal-gas,492555230.0604522,72866645.1890701,TENT B1,1.3893961112695514
0,0.1,11,5029800.0,2.155267216661795,TETO NS,thermal-gas,492555230.0604522,72866645.1890701,TENT B1,1.3893961112695514
0,0.1,12,4980000.0,2.155267216661795,TETO NS,thermal-gas,492555230.0604522,72866645.1890701,TENT B1,1.3893961112695514
0,0.1,13,4963400.0,2.155267216661795,TETO NS,thermal-gas,492555230.0604522,72866645.1890701,TENT B1,1.3893961112695514
0,0.1,14,4921900.0,0.21599018512594925,Vrla 1,hydro,492555230.0604522,72866645.1890701,TENT B1,1.3893961112695514
0,0.1,15,4921900.0,0.21599018512594925,Vrla 1,hydro,492555230.0604522,72866645.1890701,TENT B1,1.3893961112695514
0,0.1,16,4921900.0,0.21599018512594925,Vrla 1,hydro,492555230.0604522,72866645.1890701,TENT B1,1.3893961112695514
0,0.1,17,5096200.0,2.155267216661795,TETO NS,thermal-gas,492555230.0604522,72866645.1890701,TENT B1,1.3893961112695514
0,0.1,18,5187500.0,7.136537353376662,mixed,mixed,492555230.0604522,72866645.1890701,TENT B1,1.3893961112695514
0,0.1,19,5174827.707,2.1552672166617945,TETO NS,thermal-gas,492555230.0604522,72866645.1890701,TENT B1,1.3893961112695514
0,0.1,20,5158241.72,2.1552672166617945,TETO NS,thermal-gas,492555230.0604522,72866645.1890701,TENT B1,1.3893961112695514
0,0.1,21,4967502.879,2.1552672166617945,TETO NS,thermal-gas,492555230.0604522,72866645.1890701,TENT B1,1.3893961112695514
0,0.1,22,4793350.023,0.20589548649277578,HEDJ 1,hydro,492555230.0604522,72866645.1890701,TENT B1,1.3893961112695514
0,0.1,23,4635783.154,0.20589548649277578,HEDJ 1,hydro,492555230.0604522,72866645.1890701,TENT B1,1.3893961112695514
0,0.15,0,4619197.168,0.29355396094019526,HEDJ 1,hydro,489622168.6431726,73380816.05312875,TENT B1,1.6005182707918346
0,0.15,1,4461630.298,0.29355396094019526,HEDJ 1,hydro,489622168.6431726,73380816.05312875,TENT B1,1.6005182707918346
0,0.15,2,4469923.292,0.29355396094019526,HEDJ 1,hydro,489622168.6431726,73380816.05312875,TENT B1,1.6005182707918346
0,0.15,3,4386993.36,0.29355396094019526,HEDJ 1,hydro,489622168.6431726,73380816.05312875,TENT B1,1.6005182707918346
0,0.15,4,4254305.47,0.29355396094019526,HEDJ 1,hydro,489622168.6431726,73380816.05312875,TENT B1,1.6005182707918346
0,0.15,5,4204547.512,0.29355396094019526,HEDJ 1,hydro,489622168.6431726,73380816.05312875,TENT B1,1.6005182707918346
0,0.15,6,4672900.0,0.29355396094019526,HEDJ 1,hydro,489622168.6431726,73380816.05312875,TENT B1,1.6005182707918346
0,0.15,7,5038100.0,2.9111211369475125,TETO NS,thermal-gas,489622168.6431726,73380816.05312875,TENT B1,1.6005182707918346
0,0.15,8,5071300.0,2.9111211369475125,TETO NS,thermal-gas,489622168.6431726,73380816.05312875,TENT B1,1.6005182707918346
0,0.15,9,5046400.0,2.9111211369475125,TETO NS,thermal-gas,489622168.6431726,73380816.05312875,TENT B1,1.6005182707918346
0,0.15,10,5046400.0,2.9111211369475125,TETO NS,thermal-gas,489622168.6431726,73380816.05312875,TENT B1,1.6005182707918346
0,0.15,11,5029800.0,2.9111211369475125,TETO NS,thermal-gas,489622168.6431726,73380816.05312875,TENT B1,1.6005182707918346
0,0.15,12,4980000.0,2.9111211369475125,TETO NS,thermal-gas,489622168.6431726,73380816.05312875,TENT B1,1.6005182707918346
0,0.15,13,4963400.0,2.8300865976588483,mixed,mixed,489622168.6431726,73380816.05312875,TENT B1,1.6005182707918346
0,0.15,14,4921900.0,0.306011248820262,Vrla 2,hydro,489622168.6431726,73380816.05312875,TENT B1,1.6005182707918346
0,0.15,15,4921900.0,0.306011248820262,Vrla 2,hydro,489622168.6431726,73380816.05312875,TENT B1,1.6005182707918346
0,0.15,16,4921900.0,0.306011248820262,Vrla 2,hydro,489622168.6431726,73380816.05312875,TENT B1,1.6005182707918346
0,0.15,17,5096200.0,2.9111211369475125,TETO NS,thermal-gas,489622168.6431726,73380816.05312875,TENT B1,1.6005182707918346
0,0.15,18,5187500.0,2.9111211369475125,TETO NS,thermal-gas,489622168.6431726,73380816.05312875,TENT B1,1.6005182707918346
0,0.15,19,5174827.707,2.9111211369475125,TETO NS,thermal-gas,489622168.6431726,73380816.05312875,TENT B1,1.6005182707918346
0,0.15,20,5158241.72,2.9111211369475125,TETO NS,thermal-gas,489622168.6431726,73380816.05312875,TENT B1,1.6005182707918346
0,0.15,21,4967502.879,2.9111211369475125,TETO NS,thermal-gas,489622168.6431726,73380816.05312875,TENT B1,1.6005182707918346
0,0.15,22,4793350.023,0.29355396094019526,HEDJ 1,hydro,489622168.6431726,73380816.05312875,TENT B1,1.6005182707918346
0,0.15,23,4635783.154,0.29355396094019526,HEDJ 1,hydro,489622168.6431726,73380816.05312875,TENT B1,1.6005182707918346
0,0.2,0,4619197.168,0.38121243538761473,HEDJ 1,hydro,489252328.3462103,73456125.01952976,TENT B1,1.811640430314118
0,0.2,1,4461630.298,0.38121243538761473,HEDJ 1,hydro,489252328.3462103,73456125.01952976,TENT B1,1.811640430314118
0,0.2,2,4469923.292,0.38121243538761473,HEDJ 1,hydro,489252328.3462103,73456125.01952976,TENT B1,1.811640430314118
0,0.2,3,4386993.36,0.38121243538761473,HEDJ 1,hydro,489252328.3462103,73456125.01952976,TENT B1,1.811640430314118
0,0.2,4,4254305.47,0.38121243538761473,HEDJ 1,hydro,489252328.3462103,73456125.01952976,TENT B1,1.811640430314118
0,0.2,5,4204547.512,0.38121243538761473,HEDJ 1,hydro,489252328.3462103,73456125.01952976,TENT B1,1.811640430314118
0,0.2,6,4672900.0,0.38121243538761473,HEDJ 1,hydro,489252328.3462103,73456125.01952976,TENT B1,1.811640430314118
0,0.2,7,5038100.0,3.666975057233231,TETO NS,thermal-gas,489252328.3462103,73456125.01952976,TENT B1,1.811640430314118
0,0.2,8,5071300.0,3.666975057233231,TETO NS,thermal-gas,489252328.3462103,73456125.01952976,TENT B1,1.811640430314118
0,0.2,9,5046400.0,3.666975057233231,TETO NS,thermal-gas,489252328.3462103,73456125.01952976,TENT B1,1.811640430314118
0,0.2,10,5046400.0,3.666975057233231,TETO NS,thermal-gas,489252328.3462103,73456125.01952976,TENT B1,1.811640430314118
0,0.2,11,5029800.0,3.666975057233231,TETO NS,thermal-gas,489252328.3462103,73456125.01952976,TENT B1,1.811640430314118
0,0.2,12,4980000.0,3.666975057233231,TETO NS,thermal-gas,489252328.3462103,73456125.01952976,TENT B1,1.811640430314118
0,0.2,13,4963400.0,0.491234589866016,mixed,mixed,489252328.3462103,73456125.01952976,TENT B1,1.811640430314118
0,0.2,14,4921900.0,0.3973896078429793,Vrla 2,hydro,489252328.3462103,73456125.01952976,TENT B1,1.811640430314118
0,0.2,15,4921900.0,0.3973896078429793,Vrla 2,hydro,489252328.3462103,73456125.01952976,TENT B1,1.811640430314118
0,0.2,16,4921900.0,0.3973896078429793,Vrla 2,hydro,489252328.3462103,73456125.01952976,TENT B1,1.811640430314118
0,0.2,17,5096200.0,3.666975057233231,TETO NS,thermal-gas,489252328.3462103,73456125.01952976,TENT B1,1.811640430314118
0,0.2,18,5187500.0,3.666975057233231,TETO NS,thermal-gas,489252328.3462103,73456125.01952976,TENT B1,1.811640430314118
0,0.2,19,5174827.707,3.6669750572332305,TETO NS,thermal-gas,489252328.3462103,73456125.01952976,TENT B1,1.811640430314118
0,0.2,20,5158241.72,3.6669750572332305,TETO NS,thermal-gas,489252328.3462103,73456125.01952976,TENT B1,1.811640430314118
0,0.2,21,4967502.879,1.6953044233230474,Solarna Elektrana,solar,489252328.3462103,73456125.01952976,TENT B1,1.811640430314118
0,0.2,22,4793350.023,0.38121243538761473,HEDJ 1,hydro,489252328.3462103,73456125.01952976,TENT B1,1.811640430314118
0,0.2,23,4635783.154,0.38121243538761473,HEDJ 1,hydro,489252328.3462103,73456125.01952976,TENT B1,1.811640430314118
0,0.25,0,4619197.168,0.4688709098350341,HEDJ 1,hydro,488291872.9129627,73730374.48632547,TENT B1,2.0227625898364012
0,0.25,1,4461630.298,0.4688709098350341,HEDJ 1,hydro,488291872.9129627,73730374.48632547,TENT B1,2.0227625898364012
0,0.25,2,4469923.292,0.4688709098350341,HEDJ 1,hydro,488291872.9129627,73730374.48632547,TENT B1,2.0227625898364012
0,0.25,3,4386993.36,0.4688709098350341,HEDJ 1,hydro,488291872.9129627,73730374.48632547,TENT B1,2.0227625898364012
0,0.25,4,4254305.47,0.4688709098350341,HEDJ 1,hydro,488291872.9129627,73730374.48632547,TENT B1,2.0227625898364012
0,0.25,5,4204547.512,0.468433887872455,Zvornik,hydro,488291872.9129627,73730374.48632547,TENT B1,2.0227625898364012
0,0.25,6,4672900.0,0.4688709098350341,HEDJ 1,hydro,488291872.9129627,73730374.48632547,TENT B1,2.0227625898364012
0,0.25,7,5038100.0,4.422828977518948,TETO NS,thermal-gas,488291872.9129627,73730374.48632547,TENT B1,2.0227625898364012
0,0.25,8,5071300.0,4.422828977518948,TETO NS,thermal-gas,488291872.9129627,73730374.48632547,TENT B1,2.0227625898364012
0,0.25,9,5046400.0,4.422828977518948,TETO NS,thermal-gas,488291872.9129627,73730374.48632547,TENT B1,2.0227625898364012
0,0.25,10,5046400.0,4.422828977518948,TETO NS,thermal-gas,488291872.9129627,73730374.48632547,TENT B1,2.0227625898364012
0,0.25,11,5029800.0,4.422828977518948,TETO NS,thermal-gas,488291872.9129627,73730374.48632547,TENT B1,2.0227625898364012
0,0.25,12,4980000.0,2.0827117731954674,mixed,mixed,488291872.9129627,73730374.48632547,TENT B1,2.0227625898364012
0,0.25,13,4963400.0,0.49185883741552794,Vrla 1,hydro,488291872.9129627,73730374.48632547,TENT B1,2.0227625898364012
0,0.25,14,4921900.0,0.4850035812746154,Vrla 3,hydro,488291872.9129627,73730374.48632547,TENT B1,2.0227625898364012
0,0.25,15,4921900.0,0.4850035812746154,Vrla 3,hydro,488291872.9129627,73730374.48632547,TENT B1,2.0227625898364012
0,0.25,16,4921900.0,0.4850035812746154,Vrla 3,hydro,488291872.9129627,73730374.48632547,TENT B1,2.0227625898364012
0,0.25,17,5096200.0,4.422828977518948,TETO NS,thermal-gas,488291872.9129627,73730374.48632547,TENT B1,2.0227625898364012
0,0.25,18,5187500.0,4.422828977518948,TETO NS,thermal-gas,488291872.9129627,73730374.48632547,TENT B1,2.0227625898364012
0,0.25,19,5174827.707,4.422828977518948,TETO NS,thermal-gas,488291872.9129627,73730374.48632547,TENT B1,2.0227625898364012
0,0.25,20,5158241.72,4.422828977518948,TETO NS,thermal-gas,488291872.9129627,73730374.48632547,TENT B1,2.0227625898364012
0,0.25,21,4967502.879,0.49185883741552794,Vrla 1,hydro,488291872.9129627,73730374.48632547,TENT B1,2.0227625898364012
0,0.25,22,4793350.023,0.4688709098350341,HEDJ 1,hydro,488291872.9129627,73730374.48632547,TENT B1,2.0227625898364012
0,0.25,23,4635783.154,0.4688709098350341,HEDJ 1,hydro,488291872.9129627,73730374.48632547,TENT B1,2.0227625898364012
0,0.3,0,4619197.168,0.5565293842824535,HEDJ 1,hydro,486292037.6012107,74494083.8731862,TENT B1,2.2338847493586846
0,0.3,1,4461630.298,0.5565293842824535,HEDJ 1,hydro,486292037.6012107,74494083.8731862,TENT B1,2.2338847493586846
0,0.3,2,4469923.292,0.5565293842824535,HEDJ 1,hydro,486292037.6012107,74494083.8731862,TENT B1,2.2338847493586846
0,0.3,3,4386993.36,0.5565293842824535,HEDJ 1,hydro,486292037.6012107,74494083.8731862,TENT B1,2.2338847493586846
0,0.3,4,4254305.47,0.5565293842824535,HEDJ 1,hydro,486292037.6012107,74494083.8731862,TENT B1,2.2338847493586846
0,0.3,5,4204547.512,0.5560106582138269,Zvornik,hydro,486292037.6012107,74494083.8731862,TENT B1,2.2338847493586846
0,0.3,6,4672900.0,0.5565293842824535,HEDJ 1,hydro,486292037.6012107,74494083.8731862,TENT B1,2.2338847493586846
0,0.3,7,5038100.0,5.1786828978046655,TETO NS,thermal-gas,486292037.6012107,74494083.8731862,TENT B1,2.2338847493586846
0,0.3,8,5071300.0,5.1786828978046655,TETO NS,thermal-gas,486292037.6012107,74494083.8731862,TENT B1,2.2338847493586846
0,0.3,9,5046400.0,5.1786828978046655,TETO NS,thermal-gas,486292037.6012107,74494083.8731862,TENT B1,2.2338847493586846
0,0.3,10,5046400.0,5.1786828978046655,TETO NS,thermal-gas,486292037.6012107,74494083.8731862,TENT B1,2.2338847493586846
0,0.3,11,5029800.0,3.750386212866685,mixed,mixed,486292037.6012107,74494083.8731862,TENT B1,2.2338847493586846
0,0.3,12,4980000.0,0.5756781638607391,Vrla 3,hydro,486292037.6012107,74494083.8731862,TENT B1,2.2338847493586846
0,0.3,13,4963400.0,0.5756781638607391,Vrla 3,hydro,486292037.6012107,74494083.8731862,TENT B1,2.2338847493586846
0,0.3,14,4921900.0,0.5660347884162493,HE Pirot,hydro,486292037.6012107,74494083.8731862,TENT B1,2.2338847493586846
0,0.3,15,4921900.0,0.5660347884162493,HE Pirot,hydro,486292037.6012107,74494083.8731862,TENT B1,2.2338847493586846
0,0.3,16,4921900.0,0.5660347884162493,HE Pirot,hydro,486292037.6012107,74494083.8731862,TENT B1,2.2338847493586846
0,0.3,17,5096200.0,5.1786828978046655,TETO NS,thermal-gas,486292037.6012107,74494083.8731862,TENT B1,2.2338847493586846
0,0.3,18,5187500.0,5.1786828978046655,TETO NS,thermal-gas,486292037.6012107,74494083.8731862,TENT B1,2.2338847493586846
0,0.3,19,5174827.707,5.1786828978046655,TETO NS,thermal-gas,486292037.6012107,74494083.8731862,TENT B1,2.2338847493586846
0,0.3,20,5158241.72,5.1786828978046655,TETO NS,thermal-gas,486292037.6012107,74494083.8731862,TENT B1,2.2338847493586846
0,0.3,21,4967502.879,0.5756781638607391,Vrla 3,hydro,486292037.6012107,74494083.8731862,TENT B1,2.2338847493586846
0,0.3,22,4793350.023,0.5565293842824535,HEDJ 1,hydro,486292037.6012107,74494083.8731862,TENT B1,2.2338847493586846
0,0.3,23,4635783.154,0.5565293842824535,HEDJ 1,hydro,486292037.6012107,74494083.8731862,TENT B1,2.2338847493586846
0,0.35,0,4619197.168,0.644187858729873,HEDJ 1,hydro,486116651.0334651,74577741.74733233,TENT B1,2.445006908880968
0,0.35,1,4461630.298,0.644187858729873,HEDJ 1,hydro,486116651.0334651,74577741.74733233,TENT B1,2.445006908880968
0,0.35,2,4469923.292,0.644187858729873,HEDJ 1,hydro,486116651.0334651,74577741.74733233,TENT B1,2.445006908880968
0,0.35,3,4386993.36,0.644187858729873,HEDJ 1,hydro,486116651.0334651,74577741.74733233,TENT B1,2.445006908880968
0,0.35,4,4254305.47,0.643587428555199,Zvornik,hydro,486116651.0334651,74577741.74733233,TENT B1,2.445006908880968
0,0.35,5,4204547.512,0.643587428555199,Zvornik,hydro,486116651.0334651,74577741.74733233,TENT B1,2.445006908880968
0,0.35,6,4672900.0,0.644187858729873,HEDJ 1,hydro,486116651.0334651,74577741.74733233,TENT B1,2.445006908880968
0,0.35,7,5038100.0,5.934536818090384,TETO NS,thermal-gas,486116651.0334651,74577741.74733233,TENT B1,2.445006908880968
0,0.35,8,5071300.0,5.934536818090384,TETO NS,thermal-gas,486116651.0334651,74577741.74733233,TENT B1,2.445006908880968
0,0.35,9,5046400.0,5.934536818090384,TETO NS,thermal-gas,486116651.0334651,74577741.74733233,TENT B1,2.445006908880968
0,0.35,10,5046400.0,5.934536818090384,TETO NS,thermal-gas,486116651.0334651,74577741.74733233,TENT B1,2.445006908880968
0,0.35,11,5029800.0,1.4534975301533861,mixed,mixed,486116651.0334651,74577741.74733233,TENT B1,2.445006908880968
0,0.35,12,4980000.0,0.6663527464468628,Vrla 3,hydro,486116651.0334651,74577741.74733233,TENT B1,2.445006908880968
0,0.35,13,4963400.0,0.6609798852093505,Vrla 4,hydro,486116651.0334651,74577741.74733233,TENT B1,2.445006908880968
0,0.35,14,4921900.0,0.6551904510605668,HE Pirot,hydro,486116651.0334651,74577741.74733233,TENT B1,2.445006908880968
0,0.35,15,4921900.0,0.6551904510605668,HE Pirot,hydro,486116651.0334651,74577741.74733233,TENT B1,2.445006908880968
0,0.35,16,4921900.0,0.6551904510605668,HE Pirot,hydro,486116651.0334651,74577741.74733233,TENT B1,2.445006908880968
0,0.35,17,5096200.0,5.934536818090384,TETO NS,thermal-gas,486116651.0334651,74577741.74733233,TENT B1,2.445006908880968
0,0.35,18,5187500.0,5.934536818090384,TETO NS,thermal-gas,486116651.0334651,74577741.74733233,TENT B1,2.445006908880968
0,0.35,19,5174827.707,5.9345368180903835,TETO NS,thermal-gas,486116651.0334651,74577741.74733233,TENT B1,2.445006908880968
0,0.35,20,5158241.72,5.9345368180903835,TETO NS,thermal-gas,486116651.0334651,74577741.74733233,TENT B1,2.445006908880968
0,0.35,21,4967502.879,0.6609798852093505,Vrla 4,hydro,486116651.0334651,74577741.74733233,TENT B1,2.445006908880968
0,0.35,22,4793350.023,0.644187858729873,HEDJ 1,hydro,486116651.0334651,74577741.74733233,TENT B1,2.445006908880968
0,0.35,23,4635783.154,0.644187858729873,HEDJ 1,hydro,486116651.0334651,74577741.74733233,TENT B1,2.445006908880968
0,0.4,0,4619197.168,0.7318463331772924,HEDJ 1,hydro,486008917.13041157,74639991.91432276,TENT B1,2.6561290684032515
0,0.4,1,4461630.298,0.7318463331772924,HEDJ 1,hydro,486008917.13041157,74639991.91432276,TENT B1,2.6561290684032515
0,0.4,2,4469923.292,0.7318463331772924,HEDJ 1,hydro,486008917.13041157,74639991.91432276,TENT B1,2.6561290684032515
0,0.4,3,4386993.36,0.7318463331772924,HEDJ 1,hydro,486008917.13041157,74639991.91432276,TENT B1,2.6561290684032515
0,0.4,4,4254305.47,0.7311641988965709,Zvornik,hydro,486008917.13041157,74639991.91432276,TENT B1,2.6561290684032515
0,0.4,5,4204547.512,0.7311641988965709,Zvornik,hydro,486008917.13041157,74639991.91432276,TENT B1,2.6561290684032515
0,0.4,6,4672900.0,0.7318463331772924,HEDJ 1,hydro,486008917.13041157,74639991.91432276,TENT B1,2.6561290684032515
0,0.4,7,5038100.0,5.06946988195485,mixed,mixed,486008917.13041157,74639991.91432276,TENT B1,2.6561290684032515
0,0.4,8,5071300.0,6.690390738376102,TETO NS,thermal-gas,486008917.13041157,74639991.91432276,TENT B1,2.6561290684032515
0,0.4,9,5046400.0,6.690390738376102,TETO NS,thermal-gas,486008917.13041157,74639991.91432276,TENT B1,2.6561290684032515
0,0.4,10,5046400.0,6.690390738376102,TETO NS,thermal-gas,486008917.13041157,74639991.91432276,TENT B1,2.6561290684032515
0,0.4,11,5029800.0,0.7677274897051061,Vrla 1,hydro,486008917.13041157,74639991.91432276,TENT B1,2.6561290684032515
0,0.4,12,4980000.0,0.7570273290329865,Vrla 3,hydro,486008917.13041157,74639991.91432276,TENT B1,2.6561290684032515
0,0.4,13,4963400.0,0.7509233506017625,Vrla 4,hydro,486008917.13041157,74639991.91432276,TENT B1,2.6561290684032515
0,0.4,14,4921900.0,0.7443461137048848,HE Pirot,hydro,486008917.13041157,74639991.91432276,TENT B1,2.6561290684032515
0,0.4,15,4921900.0,0.7443461137048848,HE Pirot,hydro,486008917.13041157,74639991.91432276,TENT B1,2.6561290684032515
0,0.4,16,4921900.0,0.7443461137048848,HE Pirot,hydro,486008917.13041157,74639991.91432276,TENT B1,2.6561290684032515
0,0.4,17,5096200.0,6.690390738376102,TETO NS,thermal-gas,486008917.13041157,74639991.91432276,TENT B1,2.6561290684032515
0,0.4,18,5187500.0,6.690390738376102,TETO NS,thermal-gas,486008917.13041157,74639991.91432276,TENT B1,2.6561290684032515
0,0.4,19,5174827.707,6.690390738376102,TETO NS,thermal-gas,486008917.13041157,74639991.91432276,TENT B1,2.6561290684032515
0,0.4,20,5158241.72,6.690390738376102,TETO NS,thermal-gas,486008917.13041157,74639991.91432276,TENT B1,2.6561290684032515
0,0.4,21,4967502.879,0.7509233506017625,Vrla 4,hydro,486008917.13041157,74639991.91432276,TENT B1,2.6561290684032515
0,0.4,22,4793350.023,0.7318463331772924,HEDJ 1,hydro,486008917.13041157,74639991.91432276,TENT B1,2.6561290684032515
0,0.4,23,4635783.154,0.7318463331772924,HEDJ 1,hydro,486008917.13041157,74639991.91432276,TENT B1,2.6561290684032515
0,0.45,0,4619197.168,0.8195048076247118,HEDJ 1,hydro,485899760.3804638,74726561.18720278,TENT B1,2.8672512279255344
0,0.45,1,4461630.298,0.8195048076247118,HEDJ 1,hydro,485899760.3804638,74726561.18720278,TENT B1,2.8672512279255344
0,0.45,2,4469923.292,0.8195048076247118,HEDJ 1,hydro,485899760.3804638,74726561.18720278,TENT B1,2.8672512279255344
0,0.45,3,4386993.36,0.8195048076247118,HEDJ 1,hydro,485899760.3804638,74726561.18720278,TENT B1,2.8672512279255344
0,0.45,4,4254305.47,0.8187409692379428,Zvornik,hydro,485899760.3804638,74726561.18720278,TENT B1,2.8672512279255344
0,0.45,5,4204547.512,0.7988937848922268,HEDJ 2,hydro,485899760.3804638,74726561.18720278,TENT B1,2.8672512279255344
0,0.45,6,4672900.0,0.8195048076247118,HEDJ 1,hydro,485899760.3804638,74726561.18720278,TENT B1,2.8672512279255344
0,0.45,7,5038100.0,3.4465238722869023,mixed,mixed,485899760.3804638,74726561.18720278,TENT B1,2.8672512279255344
0,0.45,8,5071300.0,7.44624465866182,TETO NS,thermal-gas,485899760.3804638,74726561.18720278,TENT B1,2.8672512279255344
0,0.45,9,5046400.0,7.44624465866182,TETO NS,thermal-gas,485899760.3804638,74726561.18720278,TENT B1,2.8672512279255344
0,0.45,10,5046400.0,7.44624465866182,TETO NS,thermal-gas,485899760.3804638,74726561.18720278,TENT B1,2.8672512279255344
0,0.45,11,5029800.0,0.8596837071349657,Vrla 1,hydro,485899760.3804638,74726561.18720278,TENT B1,2.8672512279255344
0,0.45,12,4980000.0,0.8477019116191107,Vrla 3,hydro,485899760.3804638,74726561.18720278,TENT B1,2.8672512279255344
0,0.45,13,4963400.0,0.8408668159941741,Vrla 4,hydro,485899760.3804638,74726561.18720278,TENT B1,2.8672512279255344
0,0.45,14,4921900.0,0.8335017763492019,HE Pirot,hydro,485899760.3804638,74726561.18720278,TENT B1,2.8672512279255344
0,0.45,15,4921900.0,0.8335017763492019,HE Pirot,hydro,485899760.3804638,74726561.18720278,TENT B1,2.8672512279255344
0,0.45,16,4921900.0,0.8335017763492019,HE Pirot,hydro,485899760.3804638,74726561.18720278,TENT B1,2.8672512279255344
0,0.45,17,5096200.0,7.44624465866182,TETO NS,thermal-gas,485899760.3804638,74726561.18720278,TENT B1,2.8672512279255344
0,0.45,18,5187500.0,7.44624465866182,TETO NS,thermal-gas,485899760.3804638,74726561.18720278,TENT B1,2.8672512279255344
0,0.45,19,5174827.707,7.44624465866182,TETO NS,thermal-gas,485899760.3804638,74726561.18720278,TENT B1,2.8672512279255344
0,0.45,20,5158241.72,7.44624465866182,TETO NS,thermal-gas,485899760.3804638,74726561.18720278,TENT B1,2.8672512279255344
0,0.45,21,4967502.879,0.8408668159941741,Vrla 4,hydro,485899760.3804638,74726561.18720278,TENT B1,2.8672512279255344
0,0.45,22,4793350.023,0.8195048076247118,HEDJ 1,hydro,485899760.3804638,74726561.18720278,TENT B1,2.8672512279255344
0,0.45,23,4635783.154,0.8195048076247118,HEDJ 1,hydro,485899760.3804638,74726561.18720278,TENT B1,2.8672512279255344
0,0.5,0,4619197.168,0.9071632820721311,HEDJ 1,hydro,485899760.3804638,74726561.18720278,TENT B1,3.0783733874478183
0,0.5,1,4461630.298,0.9071632820721311,HEDJ 1,hydro,485899760.3804638,74726561.18720278,TENT B1,3.0783733874478183
0,0.5,2,4469923.292,0.9071632820721311,HEDJ 1,hydro,485899760.3804638,74726561.18720278,TENT B1,3.0783733874478183
0,0.5,3,4386993.36,0.9071632820721311,HEDJ 1,hydro,485899760.3804638,74726561.18720278,TENT B1,3.0783733874478183
0,0.5,4,4254305.47,0.9063177395793156,Zvornik,hydro,485899760.3804638,74726561.18720278,TENT B1,3.0783733874478183
0,0.5,5,4204547.512,0.8843475977040818,HEDJ 2,hydro,485899760.3804638,74726561.18720278,TENT B1,3.0783733874478183
0,0.5,6,4672900.0,0.9071632820721311,HEDJ 1,hydro,485899760.3804638,74726561.18720278,TENT B1,3.0783733874478183
0,0.5,7,5038100.0,1.8058536358027601,mixed,mixed,485899760.3804638,74726561.18720278,TENT B1,3.0783733874478183
0,0.5,8,5071300.0,8.202098578947538,TETO NS,thermal-gas,485899760.3804638,74726561.18720278,TENT B1,3.0783733874478183
0,0.5,9,5046400.0,8.202098578947538,TETO NS,thermal-gas,485899760.3804638,74726561.18720278,TENT B1,3.0783733874478183
0,0.5,10,5046400.0,8.202098578947538,TETO NS,thermal-gas,485899760.3804638,74726561.18720278,TENT B1,3.0783733874478183
0,0.5,11,5029800.0,0.9516399245648253,Vrla 1,hydro,485899760.3804638,74726561.18720278,TENT B1,3.0783733874478183
0,0.5,12,4980000.0,0.938376494205234,Vrla 3,hydro,485899760.3804638,74726561.18720278,TENT B1,3.0783733874478183
0,0.5,13,4963400.0,0.9308102813865857,Vrla 4,hydro,485899760.3804638,74726561.18720278,TENT B1,3.0783733874478183
0,0.5,14,4921900.0,0.9226574389935194,HE Pirot,hydro,485899760.3804638,74726561.18720278,TENT B1,3.0783733874478183
0,0.5,15,4921900.0,0.9226574389935194,HE Pirot,hydro,485899760.3804638,74726561.18720278,TENT B1,3.0783733874478183
0,0.5,16,4921900.0,0.9226574389935194,HE Pirot,hydro,485899760.3804638,74726561.18720278,TENT B1,3.0783733874478183
0,0.5,17,5096200.0,8.202098578947538,TETO NS,thermal-gas,485899760.3804638,74726561.18720278,TENT B1,3.0783733874478183
0,0.5,18,5187500.0,8.202098578947538,TETO NS,thermal-gas,485899760.3804638,74726561.18720278,TENT B1,3.0783733874478183
0,0.5,19,5174827.707,8.202098578947538,TETO NS,thermal-gas,485899760.3804638,74726561.18720278,TENT B1,3.0783733874478183
0,0.5,20,5158241.72,8.202098578947538,TETO NS,thermal-gas,485899760.3804638,74726561.18720278,TENT B1,3.0783733874478183
0,0.5,21,4967502.879,0.9308102813865862,Vrla 4,hydro,485899760.3804638,74726561.18720278,TENT B1,3.0783733874478183
0,0.5,22,4793350.023,0.9071632820721311,HEDJ 1,hydro,485899760.3804638,74726561.18720278,TENT B1,3.0783733874478183
0,0.5,23,4635783.154,0.9071632820721311,HEDJ 1,hydro,485899760.3804638,74726561.18720278,TENT B1,3.0783733874478183
0,0.55,0,4619197.168,0.994821756519551,HEDJ 1,hydro,485841414.6440354,74790981.00726643,TENT B1,3.2894955469701013
0,0.55,1,4461630.298,0.994821756519551,HEDJ 1,hydro,485841414.6440354,74790981.00726643,TENT B1,3.2894955469701013
0,0.55,2,4469923.292,0.994821756519551,HEDJ 1,hydro,485841414.6440354,74790981.00726643,TENT B1,3.2894955469701013
0,0.55,3,4386993.36,0.994821756519551,HEDJ 1,hydro,485841414.6440354,74790981.00726643,TENT B1,3.2894955469701013
0,0.55,4,4254305.47,0.993894509920688,Zvornik,hydro,485841414.6440354,74790981.00726643,TENT B1,3.2894955469701013
0,0.55,5,4204547.512,0.9698014105159367,HEDJ 2,hydro,485841414.6440354,74790981.00726643,TENT B1,3.2894955469701013
0,0.55,6,4672900.0,0.994821756519551,HEDJ 1,hydro,485841414.6440354,74790981.00726643,TENT B1,3.2894955469701013
0,0.55,7,5038100.0,1.0435961419946853,Vrla 1,hydro,485841414.6440354,74790981.00726643,TENT B1,3.2894955469701013
0,0.55,8,5071300.0,8.957952499233258,TETO NS,thermal-gas,485841414.6440354,74790981.00726643,TENT B1,3.2894955469701013
0,0.55,9,5046400.0,8.957952499233258,TETO NS,thermal-gas,485841414.6440354,74790981.00726643,TENT B1,3.2894955469701013
0,0.55,10,5046400.0,8.088480401698336,mixed,mixed,485841414.6440354,74790981.00726643,TENT B1,3.2894955469701013
0,0.55,11,5029800.0,1.0435961419946853,Vrla 1,hydro,485841414.6440354,74790981.00726643,TENT B1,3.2894955469701013
0,0.55,12,4980000.0,1.0290510767913572,Vrla 3,hydro,485841414.6440354,74790981.00726643,TENT B1,3.2894955469701013
0,0.55,13,4963400.0,1.0118131016378369,HE Pirot,hydro,485841414.6440354,74790981.00726643,TENT B1,3.2894955469701013
0,0.55,14,4921900.0,1.0118131016378369,HE Pirot,hydro,485841414.6440354,74790981.00726643,TENT B1,3.2894955469701013
0,0.55,15,4921900.0,1.0118131016378369,HE Pirot,hydro,485841414.6440354,74790981.00726643,TENT B1,3.2894955469701013
0,0.55,16,4921900.0,1.0118131016378369,HE Pirot,hydro,485841414.6440354,74790981.00726643,TENT B1,3.2894955469701013
0,0.55,17,5096200.0,8.957952499233258,TETO NS,thermal-gas,485841414.6440354,74790981.00726643,TENT B1,3.2894955469701013
0,0.55,18,5187500.0,8.957952499233258,TETO NS,thermal-gas,485841414.6440354,74790981.00726643,TENT B1,3.2894955469701013
0,0.55,19,5174827.707,8.957952499233256,TETO NS,thermal-gas,485841414.6440354,74790981.00726643,TENT B1,3.2894955469701013
0,0.55,20,5158241.72,8.957952499233256,TETO NS,thermal-gas,485841414.6440354,74790981.00726643,TENT B1,3.2894955469701013
0,0.55,21,4967502.879,1.0207537467789973,Vrla 4,hydro,485841414.6440354,74790981.00726643,TENT B1,3.2894955469701013
0,0.55,22,4793350.023,0.994821756519551,HEDJ 1,hydro,485841414.6440354,74790981.00726643,TENT B1,3.2894955469701013
0,0.55,23,4635783.154,0.994821756519551,HEDJ 1,hydro,485841414.6440354,74790981.00726643,TENT B1,3.2894955469701013
0,0.6,0,4619197.168,1.0824802309669699,HEDJ 1,hydro,485841414.6440354,74790981.00726643,TENT B1,3.5006177064923842
0,0.6,1,4461630.298,1.0824802309669699,HEDJ 1,hydro,485841414.6440354,74790981.00726643,TENT B1,3.5006177064923842
0,0.6,2,4469923.292,1.0824802309669699,HEDJ 1,hydro,485841414.6440354,74790981.00726643,TENT B1,3.5006177064923842
0,0.6,3,4386993.36,1.0824802309669699,HEDJ 1,hydro,485841414.6440354,74790981.00726643,TENT B1,3.5006177064923842
0,0.6,4,4254305.47,1.0814712802620594,Zvornik,hydro,485841414.6440354,74790981.00726643,TENT B1,3.5006177064923842
0,0.6,5,4204547.512,1.0552552233277912,HEDJ 2,hydro,485841414.6440354,74790981.00726643,TENT B1,3.5006177064923842
0,0.6,6,4672900.0,1.0824802309669699,HEDJ 1,hydro,485841414.6440354,74790981.00726643,TENT B1,3.5006177064923842
0,0.6,7,5038100.0,1.135552359424545,Vrla 1,hydro,485841414.6440354,74790981.00726643,TENT B1,3.5006177064923842
0,0.6,8,5071300.0,9.713806419518974,TETO NS,thermal-gas,485841414.6440354,74790981.00726643,TENT B1,3.5006177064923842
0,0.6,9,5046400.0,9.713806419518974,TETO NS,thermal-gas,485841414.6440354,74790981.00726643,TENT B1,3.5006177064923842
0,0.6,10,5046400.0,7.112495670818134,mixed,mixed,485841414.6440354,74790981.00726643,TENT B1,3.5006177064923842
0,0.6,11,5029800.0,1.135552359424545,Vrla 1,hydro,485841414.6440354,74790981.00726643,TENT B1,3.5006177064923842
0,0.6,12,4980000.0,1.1197256593774818,Vrla 3,hydro,485841414.6440354,74790981.00726643,TENT B1,3.5006177064923842
0,0.6,13,4963400.0,1.1009687642821553,HE Pirot,hydro,485841414.6440354,74790981.00726643,TENT B1,3.5006177064923842
0,0.6,14,4921900.0,1.1009687642821553,HE Pirot,hydro,485841414.6440354,74790981.00726643,TENT B1,3.5006177064923842
0,0.6,15,4921900.0,1.1009687642821553,HE Pirot,hydro,485841414.6440354,74790981.00726643,TENT B1,3.5006177064923842
0,0.6,16,4921900.0,1.1009687642821553,HE Pirot,hydro,485841414.6440354,74790981.00726643,TENT B1,3.5006177064923842
0,0.6,17,5096200.0,9.713806419518974,TETO NS,thermal-gas,485841414.6440354,74790981.00726643,TENT B1,3.5006177064923842
0,0.6,18,5187500.0,9.713806419518974,TETO NS,thermal-gas,485841414.6440354,74790981.00726643,TENT B1,3.5006177064923842
0,0.6,19,5174827.707,9.713806419518974,TETO NS,thermal-gas,485841414.6440354,74790981.00726643,TENT B1,3.5006177064923842
0,0.6,20,5158241.72,9.713806419518974,TETO NS,thermal-gas,485841414.6440354,74790981.00726643,TENT B1,3.5006177064923842
0,0.6,21,4967502.879,1.110697212171409,Vrla 4,hydro,485841414.6440354,74790981.00726643,TENT B1,3.5006177064923842
0,0.6,22,4793350.023,1.0824802309669699,HEDJ 1,hydro,485841414.6440354,74790981.00726643,TENT B1,3.5006177064923842
0,0.6,23,4635783.154,1.0824802309669699,HEDJ 1,hydro,485841414.6440354,74790981.00726643,TENT B1,3.5006177064923842
0,0.65,0,4619197.168,1.1701387054143897,HEDJ 1,hydro,485841414.6440354,74790981.00726643,TENT B1,3.711739866014668
0,0.65,1,4461630.298,1.1701387054143897,HEDJ 1,hydro,485841414.6440354,74790981.00726643,TENT B1,3.711739866014668
0,0.65,2,4469923.292,1.1701387054143897,HEDJ 1,hydro,485841414.6440354,74790981.00726643,TENT B1,3.711739866014668
0,0.65,3,4386993.36,1.1701387054143897,HEDJ 1,hydro,485841414.6440354,74790981.00726643,TENT B1,3.711739866014668
0,0.65,4,4254305.47,1.1690480506034318,Zvornik,hydro,485841414.6440354,74790981.00726643,TENT B1,3.711739866014668
0,0.65,5,4204547.512,1.140709036139647,HEDJ 2,hydro,485841414.6440354,74790981.00726643,TENT B1,3.711739866014668
0,0.65,6,4672900.0,1.1701387054143897,HEDJ 1,hydro,485841414.6440354,74790981.00726643,TENT B1,3.711739866014668
0,0.65,7,5038100.0,1.2275085768544045,Vrla 1,hydro,485841414.6440354,74790981.00726643,TENT B1,3.711739866014668
0,0.65,8,5071300.0,10.469660339804692,TETO NS,thermal-gas,485841414.6440354,74790981.00726643,TENT B1,3.711739866014668
0,0.65,9,5046400.0,10.469660339804692,TETO NS,thermal-gas,485841414.6440354,74790981.00726643,TENT B1,3.711739866014668
0,0.65,10,5046400.0,6.136510939937955,mixed,mixed,485841414.6440354,74790981.00726643,TENT B1,3.711739866014668
0,0.65,11,5029800.0,1.2275085768544045,Vrla 1,hydro,485841414.6440354,74790981.00726643,TENT B1,3.711739866014668
0,0.65,12,4980000.0,1.2104002419636055,Vrla 3,hydro,485841414.6440354,74790981.00726643,TENT B1,3.711739866014668
0,0.65,13,4963400.0,1.1901244269264728,HE Pirot,hydro,485841414.6440354,74790981.00726643,TENT B1,3.711739866014668
0,0.65,14,4921900.0,1.1901244269264728,HE Pirot,hydro,485841414.6440354,74790981.00726643,TENT B1,3.711739866014668
0,0.65,15,4921900.0,1.1901244269264728,HE Pirot,hydro,485841414.6440354,74790981.00726643,TENT B1,3.711739866014668
0,0.65,16,4921900.0,1.1901244269264728,HE Pirot,hydro,485841414.6440354,74790981.00726643,TENT B1,3.711739866014668
0,0.65,17,5096200.0,10.469660339804692,TETO NS,thermal-gas,485841414.6440354,74790981.00726643,TENT B1,3.711739866014668
0,0.65,18,5187500.0,10.469660339804692,TETO NS,thermal-gas,485841414.6440354,74790981.00726643,TENT B1,3.711739866014668
0,0.65,19,5174827.707,10.469660339804692,TETO NS,thermal-gas,485841414.6440354,74790981.00726643,TENT B1,3.711739866014668
0,0.65,20,5158241.72,10.469660339804692,TETO NS,thermal-gas,485841414.6440354,74790981.00726643,TENT B1,3.711739866014668
0,0.65,21,4967502.879,1.200640677563821,Vrla 4,hydro,485841414.6440354,74790981.00726643,TENT B1,3.711739866014668
0,0.65,22,4793350.023,1.1701387054143897,HEDJ 1,hydro,485841414.6440354,74790981.00726643,TENT B1,3.711739866014668
0,0.65,23,4635783.154,1.1701387054143897,HEDJ 1,hydro,485841414.6440354,74790981.00726643,TENT B1,3.711739866014668
0,0.7,0,4619197.168,1.2577971798618082,HEDJ 1,hydro,485841414.6440354,74790981.00726643,TENT B1,3.922862025536951
0,0.7,1,4461630.298,1.2577971798618082,HEDJ 1,hydro,485841414.6440354,74790981.00726643,TENT B1,3.922862025536951
0,0.7,2,4469923.292,1.2577971798618082,HEDJ 1,hydro,485841414.6440354,74790981.00726643,TENT B1,3.922862025536951
0,0.7,3,4386993.36,1.2577971798618082,HEDJ 1,hydro,485841414.6440354,74790981.00726643,TENT B1,3.922862025536951
0,0.7,4,4254305.47,1.2566248209448032,Zvornik,hydro,485841414.6440354,74790981.00726643,TENT B1,3.922862025536951
0,0.7,5,4204547.512,1.2261628489515024,HEDJ 2,hydro,485841414.6440354,74790981.00726643,TENT B1,3.922862025536951
0,0.7,6,4672900.0,1.2577971798618082,HEDJ 1,hydro,485841414.6440354,74790981.00726643,TENT B1,3.922862025536951
0,0.7,7,5038100.0,1.3194647942842632,Vrla 1,hydro,485841414.6440354,74790981.00726643,TENT B1,3.922862025536951
0,0.7,8,5071300.0,11.225514260090408,TETO NS,thermal-gas,485841414.6440354,74790981.00726643,TENT B1,3.922862025536951
0,0.7,9,5046400.0,10.554647352315994,mixed,mixed,485841414.6440354,74790981.00726643,TENT B1,3.922862025536951
0,0.7,10,5046400.0,5.831393116832177,Solarna Elektrana,solar,485841414.6440354,74790981.00726643,TENT B1,3.922862025536951
0,0.7,11,5029800.0,1.3194647942842632,Vrla 1,hydro,485841414.6440354,74790981.00726643,TENT B1,3.922862025536951
0,0.7,12,4980000.0,1.301074824549728,Vrla 3,hydro,485841414.6440354,74790981.00726643,TENT B1,3.922862025536951
0,0.7,13,4963400.0,1.2792800895707908,HE Pirot,hydro,485841414.6440354,74790981.00726643,TENT B1,3.922862025536951
0,0.7,14,4921900.0,1.2792800895707908,HE Pirot,hydro,485841414.6440354,74790981.00726643,TENT B1,3.922862025536951
0,0.7,15,4921900.0,1.2792800895707908,HE Pirot,hydro,485841414.6440354,74790981.00726643,TENT B1,3.922862025536951
0,0.7,16,4921900.0,1.2792800895707908,HE Pirot,hydro,485841414.6440354,74790981.00726643,TENT B1,3.922862025536951
0,0.7,17,5096200.0,11.225514260090408,TETO NS,thermal-gas,485841414.6440354,74790981.00726643,TENT B1,3.922862025536951
0,0.7,18,5187500.0,11.225514260090408,TETO NS,thermal-gas,485841414.6440354,74790981.00726643,TENT B1,3.922862025536951
0,0.7,19,5174827.707,11.225514260090408,TETO NS,thermal-gas,485841414.6440354,74790981.00726643,TENT B1,3.922862025536951
0,0.7,20,5158241.72,11.225514260090408,TETO NS,thermal-gas,485841414.6440354,74790981.00726643,TENT B1,3.922862025536951
0,0.7,21,4967502.879,1.2905841429562326,Vrla 4,hydro,485841414.6440354,74790981.00726643,TENT B1,3.922862025536951
0,0.7,22,4793350.023,1.2577971798618082,HEDJ 1,hydro,485841414.6440354,74790981.00726643,TENT B1,3.922862025536951
0,0.7,23,4635783.154,1.2577971798618082,HEDJ 1,hydro,485841414.6440354,74790981.00726643,TENT B1,3.922862025536951
0,0.75,0,4619197.168,1.3454556543092284,HEDJ 1,hydro,485841414.6440354,74790981.00726643,TENT B1,4.1339841850592345
0,0.75,1,4461630.298,1.3454556543092284,HEDJ 1,hydro,485841414.6440354,74790981.00726643,TENT B1,4.1339841850592345
0,0.75,2,4469923.292,1.3454556543092284,HEDJ 1,hydro,485841414.6440354,74790981.00726643,TENT B1,4.1339841850592345
0,0.75,3,4386993.36,1.3454556543092284,HEDJ 1,hydro,485841414.6440354,74790981.00726643,TENT B1,4.1339841850592345
0,0.75,4,4254305.47,1.3442015912861747,Zvornik,hydro,485841414.6440354,74790981.00726643,TENT B1,4.1339841850592345
0,0.75,5,4204547.512,1.311616661763357,HEDJ 2,hydro,485841414.6440354,74790981.00726643,TENT B1,4.1339841850592345
0,0.75,6,4672900.0,1.3454556543092284,HEDJ 1,hydro,485841414.6440354,74790981.00726643,TENT B1,4.1339841850592345
0,0.75,7,5038100.0,1.4114210117141237,Vrla 1,hydro,485841414.6440354,74790981.00726643,TENT B1,4.1339841850592345
0,0.75,8,5071300.0,11.981368180376128,TETO NS,thermal-gas,485841414.6440354,74790981.00726643,TENT B1,4.1339841850592345
0,0.75,9,5046400.0,9.91888945281902,mixed,mixed,485841414.6440354,74790981.00726643,TENT B1,4.1339841850592345
0,0.75,10,5046400.0,6.247020205734666,Solarna Elektrana,solar,485841414.6440354,74790981.00726643,TENT B1,4.1339841850592345
0,0.75,11,5029800.0,1.4114210117141237,Vrla 1,hydro,485841414.6440354,74790981.00726643,TENT B1,4.1339841850592345
0,0.75,12,4980000.0,1.391749407135853,Vrla 3,hydro,485841414.6440354,74790981.00726643,TENT B1,4.1339841850592345
0,0.75,13,4963400.0,1.3684357522151078,HE Pirot,hydro,485841414.6440354,74790981.00726643,TENT B1,4.1339841850592345
0,0.75,14,4921900.0,1.3684357522151078,HE Pirot,hydro,485841414.6440354,74790981.00726643,TENT B1,4.1339841850592345
0,0.75,15,4921900.0,1.3684357522151078,HE Pirot,hydro,485841414.6440354,74790981.00726643,TENT B1,4.1339841850592345
0,0.75,16,4921900.0,1.3684357522151078,HE Pirot,hydro,485841414.6440354,74790981.00726643,TENT B1,4.1339841850592345
0,0.75,17,5096200.0,11.981368180376128,TETO NS,thermal-gas,485841414.6440354,74790981.00726643,TENT B1,4.1339841850592345
0,0.75,18,5187500.0,11.981368180376128,TETO NS,thermal-gas,485841414.6440354,74790981.00726643,TENT B1,4.1339841850592345
0,0.75,19,5174827.707,11.981368180376128,TETO NS,thermal-gas,485841414.6440354,74790981.00726643,TENT B1,4.1339841850592345
0,0.75,20,5158241.72,11.981368180376128,TETO NS,thermal-gas,485841414.6440354,74790981.00726643,TENT B1,4.1339841850592345
0,0.75,21,4967502.879,1.3805276083486433,Vrla 4,hydro,485841414.6440354,74790981.00726643,TENT B1,4.1339841850592345
0,0.75,22,4793350.023,1.3454556543092284,HEDJ 1,hydro,485841414.6440354,74790981.00726643,TENT B1,4.1339841850592345
0,0.75,23,4635783.154,1.3454556543092284,HEDJ 1,hydro,485841414.6440354,74790981.00726643,TENT B1,4.1339841850592345
0,0.8,0,4619197.168,1.4331141287566478,HEDJ 1,hydro,485841414.6440354,74790981.00726643,TENT B1,4.345106344581518
0,0.8,1,4461630.298,1.4331141287566478,HEDJ 1,hydro,485841414.6440354,74790981.00726643,TENT B1,4.345106344581518
0,0.8,2,4469923.292,1.4331141287566478,HEDJ 1,hydro,485841414.6440354,74790981.00726643,TENT B1,4.345106344581518
0,0.8,3,4386993.36,1.4331141287566478,HEDJ 1,hydro,485841414.6440354,74790981.00726643,TENT B1,4.345106344581518
0,0.8,4,4254305.47,1.431778361627547,Zvornik,hydro,485841414.6440354,74790981.00726643,TENT B1,4.345106344581518
0,0.8,5,4204547.512,1.3970704745752132,HEDJ 2,hydro,485841414.6440354,74790981.00726643,TENT B1,4.345106344581518
0,0.8,6,4672900.0,1.4331141287566478,HEDJ 1,hydro,485841414.6440354,74790981.00726643,TENT B1,4.345106344581518
0,0.8,7,5038100.0,1.5033772291439824,Vrla 1,hydro,485841414.6440354,74790981.00726643,TENT B1,4.345106344581518
0,0.8,8,5071300.0,12.737222100661846,TETO NS,thermal-gas,485841414.6440354,74790981.00726643,TENT B1,4.345106344581518
0,0.8,9,5046400.0,9.283131553322061,mixed,mixed,485841414.6440354,74790981.00726643,TENT B1,4.345106344581518
0,0.8,10,5046400.0,6.662647294637154,Solarna Elektrana,solar,485841414.6440354,74790981.00726643,TENT B1,4.345106344581518
0,0.8,11,5029800.0,1.5033772291439824,Vrla 1,hydro,485841414.6440354,74790981.00726643,TENT B1,4.345106344581518
0,0.8,12,4980000.0,1.4824239897219762,Vrla 3,hydro,485841414.6440354,74790981.00726643,TENT B1,4.345106344581518
0,0.8,13,4963400.0,1.4575914148594258,HE Pirot,hydro,485841414.6440354,74790981.00726643,TENT B1,4.345106344581518
0,0.8,14,4921900.0,1.4575914148594258,HE Pirot,hydro,485841414.6440354,74790981.00726643,TENT B1,4.345106344581518
0,0.8,15,4921900.0,1.4575914148594258,HE Pirot,hydro,485841414.6440354,74790981.00726643,TENT B1,4.345106344581518
0,0.8,16,4921900.0,1.4575914148594258,HE Pirot,hydro,485841414.6440354,74790981.00726643,TENT B1,4.345106344581518
0,0.8,17,5096200.0,12.737222100661846,TETO NS,thermal-gas,485841414.6440354,74790981.00726643,TENT B1,4.345106344581518
0,0.8,18,5187500.0,12.737222100661846,TETO NS,thermal-gas,485841414.6440354,74790981.00726643,TENT B1,4.345106344581518
0,0.8,19,5174827.707,12.737222100661846,TETO NS,thermal-gas,485841414.6440354,74790981.00726643,TENT B1,4.345106344581518
0,0.8,20,5158241.72,12.737222100661846,TETO NS,thermal-gas,485841414.6440354,74790981.00726643,TENT B1,4.345106344581518
0,0.8,21,4967502.879,1.4704710737410567,Vrla 4,hydro,485841414.6440354,74790981.00726643,TENT B1,4.345106344581518
0,0.8,22,4793350.023,1.4331141287566478,HEDJ 1,hydro,485841414.6440354,74790981.00726643,TENT B1,4.345106344581518
0,0.8,23,4635783.154,1.4331141287566478,HEDJ 1,hydro,485841414.6440354,74790981.00726643,TENT B1,4.345106344581518
0,0.85,0,4619197.168,1.520772603204068,HEDJ 1,hydro,485841414.6440354,74790981.00726643,TENT B1,4.556228504103801
0,0.85,1,4461630.298,1.520772603204068,HEDJ 1,hydro,485841414.6440354,74790981.00726643,TENT B1,4.556228504103801
0,0.85,2,4469923.292,1.520772603204068,HEDJ 1,hydro,485841414.6440354,74790981.00726643,TENT B1,4.556228504103801
0,0.85,3,4386993.36,1.520772603204068,HEDJ 1,hydro,485841414.6440354,74790981.00726643,TENT B1,4.556228504103801
0,0.85,4,4254305.47,1.5193551319689185,Zvornik,hydro,485841414.6440354,74790981.00726643,TENT B1,4.556228504103801
0,0.85,5,4204547.512,1.4825242873870668,HEDJ 2,hydro,485841414.6440354,74790981.00726643,TENT B1,4.556228504103801
0,0.85,6,4672900.0,1.520772603204068,HEDJ 1,hydro,485841414.6440354,74790981.00726643,TENT B1,4.556228504103801
0,0.85,7,5038100.0,1.595333446573843,Vrla 1,hydro,485841414.6440354,74790981.00726643,TENT B1,4.556228504103801
0,0.85,8,5071300.0,13.493076020947562,TETO NS,thermal-gas,485841414.6440354,74790981.00726643,TENT B1,4.556228504103801
0,0.85,9,5046400.0,8.64737365382509,mixed,mixed,485841414.6440354,74790981.00726643,TENT B1,4.556228504103801
0,0.85,10,5046400.0,7.078274383539642,Solarna Elektrana,solar,485841414.6440354,74790981.00726643,TENT B1,4.556228504103801
0,0.85,11,5029800.0,1.595333446573843,Vrla 1,hydro,485841414.6440354,74790981.00726643,TENT B1,4.556228504103801
0,0.85,12,4980000.0,1.5730985723080995,Vrla 3,hydro,485841414.6440354,74790981.00726643,TENT B1,4.556228504103801
0,0.85,13,4963400.0,1.5467470775037429,HE Pirot,hydro,485841414.6440354,74790981.00726643,TENT B1,4.556228504103801
0,0.85,14,4921900.0,1.5467470775037429,HE Pirot,hydro,485841414.6440354,74790981.00726643,TENT B1,4.556228504103801
0,0.85,15,4921900.0,1.5467470775037429,HE Pirot,hydro,485841414.6440354,74790981.00726643,TENT B1,4.556228504103801
0,0.85,16,4921900.0,1.5467470775037429,HE Pirot,hydro,485841414.6440354,74790981.00726643,TENT B1,4.556228504103801
0,0.85,17,5096200.0,13.493076020947562,TETO NS,thermal-gas,485841414.6440354,74790981.00726643,TENT B1,4.556228504103801
0,0.85,18,5187500.0,13.493076020947562,TETO NS,thermal-gas,485841414.6440354,74790981.00726643,TENT B1,4.556228504103801
0,0.85,19,5174827.707,13.493076020947564,TETO NS,thermal-gas,485841414.6440354,74790981.00726643,TENT B1,4.556228504103801
0,0.85,20,5158241.72,13.493076020947564,TETO NS,thermal-gas,485841414.6440354,74790981.00726643,TENT B1,4.556228504103801
0,0.85,21,4967502.879,1.5604145391334683,Vrla 4,hydro,485841414.6440354,74790981.00726643,TENT B1,4.556228504103801
0,0.85,22,4793350.023,1.520772603204068,HEDJ 1,hydro,485841414.6440354,74790981.00726643,TENT B1,4.556228504103801
0,0.85,23,4635783.154,1.520772603204068,HEDJ 1,hydro,485841414.6440354,74790981.00726643,TENT B1,4.556228504103801
0,0.9,0,4619197.168,1.6084310776514874,HEDJ 1,hydro,485841414.6440354,74790981.00726643,TENT B1,4.767350663626085
0,0.9,1,4461630.298,1.6084310776514874,HEDJ 1,hydro,485841414.6440354,74790981.00726643,TENT B1,4.767350663626085
0,0.9,2,4469923.292,1.6084310776514874,HEDJ 1,hydro,485841414.6440354,74790981.00726643,TENT B1,4.767350663626085
0,0.9,3,4386993.36,1.6084310776514874,HEDJ 1,hydro,485841414.6440354,74790981.00726643,TENT B1,4.767350663626085
0,0.9,4,4254305.47,1.6069319023102917,Zvornik,hydro,485841414.6440354,74790981.00726643,TENT B1,4.767350663626085
0,0.9,5,4204547.512,1.5679781001989221,HEDJ 2,hydro,485841414.6440354,74790981.00726643,TENT B1,4.767350663626085
0,0.9,6,4672900.0,1.6084310776514874,HEDJ 1,hydro,485841414.6440354,74790981.00726643,TENT B1,4.767350663626085
0,0.9,7,5038100.0,1.6872896640037025,Vrla 1,hydro,485841414.6440354,74790981.00726643,TENT B1,4.767350663626085
0,0.9,8,5071300.0,14.24892994123328,TETO NS,thermal-gas,485841414.6440354,74790981.00726643,TENT B1,4.767350663626085
0,0.9,9,5046400.0,8.011615754328119,mixed,mixed,485841414.6440354,74790981.00726643,TENT B1,4.767350663626085
0,0.9,10,5046400.0,7.493901472442131,Solarna Elektrana,solar,485841414.6440354,74790981.00726643,TENT B1,4.767350663626085
0,0.9,11,5029800.0,1.6872896640037025,Vrla 1,hydro,485841414.6440354,74790981.00726643,TENT B1,4.767350663626085
0,0.9,12,4980000.0,1.6637731548942245,Vrla 3,hydro,485841414.6440354,74790981.00726643,TENT B1,4.767350663626085
0,0.9,13,4963400.0,1.6359027401480617,HE Pirot,hydro,485841414.6440354,74790981.00726643,TENT B1,4.767350663626085
0,0.9,14,4921900.0,1.6359027401480617,HE Pirot,hydro,485841414.6440354,74790981.00726643,TENT B1,4.767350663626085
0,0.9,15,4921900.0,1.6359027401480617,HE Pirot,hydro,485841414.6440354,74790981.00726643,TENT B1,4.767350663626085
0,0.9,16,4921900.0,1.6359027401480617,HE Pirot,hydro,485841414.6440354,74790981.00726643,TENT B1,4.767350663626085
0,0.9,17,5096200.0,14.24892994123328,TETO NS,thermal-gas,485841414.6440354,74790981.00726643,TENT B1,4.767350663626085
0,0.9,18,5187500.0,14.24892994123328,TETO NS,thermal-gas,485841414.6440354,74790981.00726643,TENT B1,4.767350663626085
0,0.9,19,5174827.707,14.248929941233282,TETO NS,thermal-gas,485841414.6440354,74790981.00726643,TENT B1,4.767350663626085
0,0.9,20,5158241.72,14.248929941233282,TETO NS,thermal-gas,485841414.6440354,74790981.00726643,TENT B1,4.767350663626085
0,0.9,21,4967502.879,1.650358004525879,Vrla 4,hydro,485841414.6440354,74790981.00726643,TENT B1,4.767350663626085
0,0.9,22,4793350.023,1.6084310776514874,HEDJ 1,hydro,485841414.6440354,74790981.00726643,TENT B1,4.767350663626085
0,0.9,23,4635783.154,1.6084310776514874,HEDJ 1,hydro,485841414.6440354,74790981.00726643,TENT B1,4.767350663626085
0,0.95,0,4619197.168,1.696089552098905,HEDJ 1,hydro,485833975.91357136,74883464.93562387,TENT B1,4.978472823148367
0,0.95,1,4461630.298,1.696089552098905,HEDJ 1,hydro,485833975.91357136,74883464.93562387,TENT B1,4.978472823148367
0,0.95,2,4469923.292,1.696089552098905,HEDJ 1,hydro,485833975.91357136,74883464.93562387,TENT B1,4.978472823148367
0,0.95,3,4386993.36,1.696089552098905,HEDJ 1,hydro,485833975.91357136,74883464.93562387,TENT B1,4.978472823148367
0,0.95,4,4254305.47,1.6945086726516632,Zvornik,hydro,485833975.91357136,74883464.93562387,TENT B1,4.978472823148367
0,0.95,5,4204547.512,1.6534319130107784,HEDJ 2,hydro,485833975.91357136,74883464.93562387,TENT B1,4.978472823148367
0,0.95,6,4672900.0,1.696089552098905,HEDJ 1,hydro,485833975.91357136,74883464.93562387,TENT B1,4.978472823148367
0,0.95,7,5038100.0,1.779245881433562,Vrla 1,hydro,485833975.91357136,74883464.93562387,TENT B1,4.978472823148367
0,0.95,8,5071300.0,15.004783861518998,TETO NS,thermal-gas,485833975.91357136,74883464.93562387,TENT B1,4.978472823148367
0,0.95,9,5046400.0,7.405247189519125,mixed,mixed,485833975.91357136,74883464.93562387,TENT B1,4.978472823148367
0,0.95,10,5046400.0,7.909528561344618,Solarna Elektrana,solar,485833975.91357136,74883464.93562387,TENT B1,4.978472823148367
0,0.95,11,5029800.0,1.779245881433562,Vrla 1,hydro,485833975.91357136,74883464.93562387,TENT B1,4.978472823148367
0,0.95,12,4980000.0,1.7403014699182906,Vrla 4,hydro,485833975.91357136,74883464.93562387,TENT B1,4.978472823148367
0,0.95,13,4963400.0,1.7250584027923797,HE Pirot,hydro,485833975.91357136,74883464.93562387,TENT B1,4.978472823148367
0,0.95,14,4921900.0,1.7250584027923797,HE Pirot,hydro,485833975.91357136,74883464.93562387,TENT B1,4.978472823148367
0,0.95,15,4921900.0,1.7250584027923797,HE Pirot,hydro,485833975.91357136,74883464.93562387,TENT B1,4.978472823148367
0,0.95,16,4921900.0,1.7250584027923797,HE Pirot,hydro,485833975.91357136,74883464.93562387,TENT B1,4.978472823148367
0,0.95,17,5096200.0,15.004783861518998,TETO NS,thermal-gas,485833975.91357136,74883464.93562387,TENT B1,4.978472823148367
0,0.95,18,5187500.0,15.004783861518998,TETO NS,thermal-gas,485833975.91357136,74883464.93562387,TENT B1,4.978472823148367
0,0.95,19,5174827.707,15.004783861518998,TETO NS,thermal-gas,485833975.91357136,74883464.93562387,TENT B1,4.978472823148367
0,0.95,20,5158241.72,15.004783861518998,TETO NS,thermal-gas,485833975.91357136,74883464.93562387,TENT B1,4.978472823148367
0,0.95,21,4967502.879,1.725058402792377,HE Pirot,hydro,485833975.91357136,74883464.93562387,TENT B1,4.978472823148367
0,0.95,22,4793350.023,1.696089552098905,HEDJ 1,hydro,485833975.91357136,74883464.93562387,TENT B1,4.978472823148367
0,0.95,23,4635783.154,1.696089552098905,HEDJ 1,hydro,485833975.91357136,74883464.93562387,TENT B1,4.978472823148367
0,1.0,0,4619197.168,1.7837480265463252,HEDJ 1,hydro,485833975.91357136,74883464.93562387,TENT B1,5.189594982670651
0,1.0,1,4461630.298,1.7837480265463252,HEDJ 1,hydro,485833975.91357136,74883464.93562387,TENT B1,5.189594982670651
0,1.0,2,4469923.292,1.7837480265463252,HEDJ 1,hydro,485833975.91357136,74883464.93562387,TENT B1,5.189594982670651
0,1.0,3,4386993.36,1.7837480265463252,HEDJ 1,hydro,485833975.91357136,74883464.93562387,TENT B1,5.189594982670651
0,1.0,4,4254305.47,1.7820854429930355,Zvornik,hydro,485833975.91357136,74883464.93562387,TENT B1,5.189594982670651
0,1.0,5,4204547.512,1.7388857258226311,HEDJ 2,hydro,485833975.91357136,74883464.93562387,TENT B1,5.189594982670651
0,1.0,6,4672900.0,1.7837480265463252,HEDJ 1,hydro,485833975.91357136,74883464.93562387,TENT B1,5.189594982670651
0,1.0,7,5038100.0,1.87120209886342,Vrla 1,hydro,485833975.91357136,74883464.93562387,TENT B1,5.189594982670651
0,1.0,8,5071300.0,15.760637781804716,TETO NS,thermal-gas,485833975.91357136,74883464.93562387,TENT B1,5.189594982670651
0,1.0,9,5046400.0,6.771008209963965,mixed,mixed,485833975.91357136,74883464.93562387,TENT B1,5.189594982670651
0,1.0,10,5046400.0,8.325155650247106,Solarna Elektrana,solar,485833975.91357136,74883464.93562387,TENT B1,5.189594982670651
0,1.0,11,5029800.0,1.87120209886342,Vrla 1,hydro,485833975.91357136,74883464.93562387,TENT B1,5.189594982670651
0,1.0,12,4980000.0,1.8302449353107022,Vrla 4,hydro,485833975.91357136,74883464.93562387,TENT B1,5.189594982670651
0,1.0,13,4963400.0,1.8142140654366958,HE Pirot,hydro,485833975.91357136,74883464.93562387,TENT B1,5.189594982670651
0,1.0,14,4921900.0,1.8142140654366958,HE Pirot,hydro,485833975.91357136,74883464.93562387,TENT B1,5.189594982670651
0,1.0,15,4921900.0,1.8142140654366958,HE Pirot,hydro,485833975.91357136,74883464.93562387,TENT B1,5.189594982670651
0,1.0,16,4921900.0,1.8142140654366958,HE Pirot,hydro,485833975.91357136,74883464.93562387,TENT B1,5.189594982670651
0,1.0,17,5096200.0,15.760637781804716,TETO NS,thermal-gas,485833975.91357136,74883464.93562387,TENT B1,5.189594982670651
0,1.0,18,5187500.0,15.760637781804716,TETO NS,thermal-gas,485833975.91357136,74883464.93562387,TENT B1,5.189594982670651
0,1.0,19,5174827.707,15.760637781804716,TETO NS,thermal-gas,485833975.91357136,74883464.93562387,TENT B1,5.189594982670651
0,1.0,20,5158241.72,15.760637781804716,TETO NS,thermal-gas,485833975.91357136,74883464.93562387,TENT B1,5.189594982670651
0,1.0,21,4967502.879,1.8142140654366958,HE Pirot,hydro,485833975.91357136,74883464.93562387,TENT B1,5.189594982670651
0,1.0,22,4793350.023,1.7837480265463252,HEDJ 1,hydro,485833975.91357136,74883464.93562387,TENT B1,5.189594982670651
0,1.0,23,4635783.154,1.7837480265463252,HEDJ 1,hydro,485833975.91357136,74883464.93562387,TENT B1,5.189594982670651
10,0.0,0,4619197.168,0.03057853759793701,HEDJ 1,hydro,492985825.2041711,72639051.00932851,TENT B1,0.9671517922249849
10,0.0,1,4461630.298,0.03057853759793701,HEDJ 1,hydro,492985825.2041711,72639051.00932851,TENT B1,0.9671517922249849
10,0.0,2,4469923.292,0.03057853759793701,HEDJ 1,hydro,492985825.2041711,72639051.00932851,TENT B1,0.9671517922249849
10,0.0,3,4386993.36,0.03057853759793701,HEDJ 1,hydro,492985825.2041711,72639051.00932851,TENT B1,0.9671517922249849
10,0.0,4,4254305.47,0.03057853759793701,HEDJ 1,hydro,492985825.2041711,72639051.00932851,TENT B1,0.9671517922249849
10,0.0,5,4204547.512,0.03057853759793701,HEDJ 1,hydro,492985825.2041711,72639051.00932851,TENT B1,0.9671517922249849
10,0.0,6,4672900.0,0.03057853759793701,HEDJ 1,hydro,492985825.2041711,72639051.00932851,TENT B1,0.9671517922249849
10,0.0,7,5038100.0,0.6435593760903592,TETO NS,thermal-gas,492985825.2041711,72639051.00932851,TENT B1,0.9671517922249849
10,0.0,8,5071300.0,0.6435593760903592,TETO NS,thermal-gas,492985825.2041711,72639051.00932851,TENT B1,0.9671517922249849
10,0.0,9,5046400.0,0.6435593760903592,TETO NS,thermal-gas,492985825.2041711,72639051.00932851,TENT B1,0.9671517922249849
10,0.0,10,5046400.0,0.6435593760903592,TETO NS,thermal-gas,492985825.2041711,72639051.00932851,TENT B1,0.9671517922249849
10,0.0,11,5029800.0,0.6435593760903592,TETO NS,thermal-gas,492985825.2041711,72639051.00932851,TENT B1,0.9671517922249849
10,0.0,12,4980000.0,0.6435593760903592,TETO NS,thermal-gas,492985825.2041711,72639051.00932851,TENT B1,0.9671517922249849
10,0.0,13,4963400.0,0.6435593760903592,TETO NS,thermal-gas,492985825.2041711,72639051.00932851,TENT B1,0.9671517922249849
10,0.0,14,4921900.0,0.03207775026623007,Vrla 1,hydro,492985825.2041711,72639051.00932851,TENT B1,0.9671517922249849
10,0.0,15,4921900.0,0.03207775026623007,Vrla 1,hydro,492985825.2041711,72639051.00932851,TENT B1,0.9671517922249849
10,0.0,16,4921900.0,0.03207775026623007,Vrla 1,hydro,492985825.2041711,72639051.00932851,TENT B1,0.9671517922249849
10,0.0,17,5096200.0,0.6435593760903592,TETO NS,thermal-gas,492985825.2041711,72639051.00932851,TENT B1,0.9671517922249849
10,0.0,18,5187500.0,15.761049787225549,mixed,mixed,492985825.2041711,72639051.00932851,TENT B1,0.9671517922249849
10,0.0,19,5174827.707,0.6435593760903593,TETO NS,thermal-gas,492985825.2041711,72639051.00932851,TENT B1,0.9671517922249849
10,0.0,20,5158241.72,0.6435593760903593,TETO NS,thermal-gas,492985825.2041711,72639051.00932851,TENT B1,0.9671517922249849
10,0.0,21,4967502.879,0.6435593760903593,TETO NS,thermal-gas,492985825.2041711,72639051.00932851,TENT B1,0.9671517922249849
10,0.0,22,4793350.023,0.03057853759793701,HEDJ 1,hydro,492985825.2041711,72639051.00932851,TENT B1,0.9671517922249849
10,0.0,23,4635783.154,0.03057853759793701,HEDJ 1,hydro,492985825.2041711,72639051.00932851,TENT B1,0.9671517922249849
10,0.05,0,4619197.168,0.11823701204535644,HEDJ 1,hydro,492421663.09070635,72639564.43080562,TENT B1,1.178273951747268
10,0.05,1,4461630.298,0.11823701204535644,HEDJ 1,hydro,492421663.09070635,72639564.43080562,TENT B1,1.178273951747268
10,0.05,2,4469923.292,0.11823701204535644,HEDJ 1,hydro,492421663.09070635,72639564.43080562,TENT B1,1.178273951747268
10,0.05,3,4386993.36,0.11823701204535644,HEDJ 1,hydro,492421663.09070635,72639564.43080562,TENT B1,1.178273951747268
10,0.05,4,4254305.47,0.11823701204535644,HEDJ 1,hydro,492421663.09070635,72639564.43080562,TENT B1,1.178273951747268
10,0.05,5,4204547.512,0.11823701204535644,HEDJ 1,hydro,492421663.09070635,72639564.43080562,TENT B1,1.178273951747268
10,0.05,6,4672900.0,0.11823701204535644,HEDJ 1,hydro,492421663.09070635,72639564.43080562,TENT B1,1.178273951747268
10,0.05,7,5038100.0,1.3994132963760775,TETO NS,thermal-gas,492421663.09070635,72639564.43080562,TENT B1,1.178273951747268
10,0.05,8,5071300.0,1.3994132963760775,TETO NS,thermal-gas,492421663.09070635,72639564.43080562,TENT B1,1.178273951747268
10,0.05,9,5046400.0,1.3994132963760775,TETO NS,thermal-gas,492421663.09070635,72639564.43080562,TENT B1,1.178273951747268
10,0.05,10,5046400.0,1.3994132963760775,TETO NS,thermal-gas,492421663.09070635,72639564.43080562,TENT B1,1.178273951747268
10,0.05,11,5029800.0,1.3994132963760775,TETO NS,thermal-gas,492421663.09070635,72639564.43080562,TENT B1,1.178273951747268
10,0.05,12,4980000.0,1.3994132963760775,TETO NS,thermal-gas,492421663.09070635,72639564.43080562,TENT B1,1.178273951747268
10,0.05,13,4963400.0,1.3994132963760775,TETO NS,thermal-gas,492421663.09070635,72639564.43080562,TENT B1,1.178273951747268
10,0.05,14,4921900.0,0.3395,New Solar,solar,492421663.09070635,72639564.43080562,TENT B1,1.178273951747268
10,0.05,15,4921900.0,0.3395,New Solar,solar,492421663.09070635,72639564.43080562,TENT B1,1.178273951747268
10,0.05,16,4921900.0,0.3395,New Solar,solar,492421663.09070635,72639564.43080562,TENT B1,1.178273951747268
10,0.05,17,5096200.0,1.3994132963760775,TETO NS,thermal-gas,492421663.09070635,72639564.43080562,TENT B1,1.178273951747268
10,0.05,18,5187500.0,10.800376010240075,mixed,mixed,492421663.09070635,72639564.43080562,TENT B1,1.178273951747268
10,0.05,19,5174827.707,1.3994132963760775,TETO NS,thermal-gas,492421663.09070635,72639564.43080562,TENT B1,1.178273951747268
10,0.05,20,5158241.72,1.3994132963760775,TETO NS,thermal-gas,492421663.09070635,72639564.43080562,TENT B1,1.178273951747268
10,0.05,21,4967502.879,1.3994132963760775,TETO NS,thermal-gas,492421663.09070635,72639564.43080562,TENT B1,1.178273951747268
10,0.05,22,4793350.023,0.12025647519466098,HE Pirot,hydro,492421663.09070635,72639564.43080562,TENT B1,1.178273951747268
10,0.05,23,4635783.154,0.11823701204535644,HEDJ 1,hydro,492421663.09070635,72639564.43080562,TENT B1,1.178273951747268
10,0.1,0,4619197.168,0.20589548649277584,HEDJ 1,hydro,492421663.09070635,72639564.43080562,TENT B1,1.3893961112695514
10,0.1,1,4461630.298,0.20589548649277584,HEDJ 1,hydro,492421663.09070635,72639564.43080562,TENT B1,1.3893961112695514
10,0.1,2,4469923.292,0.20589548649277584,HEDJ 1,hydro,492421663.09070635,72639564.43080562,TENT B1,1.3893961112695514
10,0.1,3,4386993.36,0.20589548649277584,HEDJ 1,hydro,492421663.09070635,72639564.43080562,TENT B1,1.3893961112695514
10,0.1,4,4254305.47,0.20589548649277584,HEDJ 1,hydro,492421663.09070635,72639564.43080562,TENT B1,1.3893961112695514
10,0.1,5,4204547.512,0.20589548649277584,HEDJ 1,hydro,492421663.09070635,72639564.43080562,TENT B1,1.3893961112695514
10,0.1,6,4672900.0,0.20589548649277584,HEDJ 1,hydro,492421663.09070635,72639564.43080562,TENT B1,1.3893961112695514
10,0.1,7,5038100.0,2.1552672166617954,TETO NS,thermal-gas,492421663.09070635,72639564.43080562,TENT B1,1.3893961112695514
10,0.1,8,5071300.0,2.1552672166617954,TETO NS,thermal-gas,492421663.09070635,72639564.43080562,TENT B1,1.3893961112695514
10,0.1,9,5046400.0,2.1552672166617954,TETO NS,thermal-gas,492421663.09070635,72639564.43080562,TENT B1,1.3893961112695514
10,0.1,10,5046400.0,2.1552672166617954,TETO NS,thermal-gas,492421663.09070635,72639564.43080562,TENT B1,1.3893961112695514
10,0.1,11,5029800.0,2.1552672166617954,TETO NS,thermal-gas,492421663.09070635,72639564.43080562,TENT B1,1.3893961112695514
10,0.1,12,4980000.0,2.1552672166617954,TETO NS,thermal-gas,492421663.09070635,72639564.43080562,TENT B1,1.3893961112695514
10,0.1,13,4963400.0,2.1552672166617954,TETO NS,thermal-gas,492421663.09070635,72639564.43080562,TENT B1,1.3893961112695514
10,0.1,14,4921900.0,0.669,New Solar,solar,492421663.09070635,72639564.43080562,TENT B1,1.3893961112695514
10,0.1,15,4921900.0,0.669,New Solar,solar,492421663.09070635,72639564.43080562,TENT B1,1.3893961112695514
10,0.1,16,4921900.0,0.669,New Solar,solar,492421663.09070635,72639564.43080562,TENT B1,1.3893961112695514
10,0.1,17,5096200.0,2.1552672166617954,TETO NS,thermal-gas,492421663.09070635,72639564.43080562,TENT B1,1.3893961112695514
10,0.1,18,5187500.0,5.773991257408298,mixed,mixed,492421663.09070635,72639564.43080562,TENT B1,1.3893961112695514
10,0.1,19,5174827.707,2.155267216661795,TETO NS,thermal-gas,492421663.09070635,72639564.43080562,TENT B1,1.3893961112695514
10,0.1,20,5158241.72,2.155267216661795,TETO NS,thermal-gas,492421663.09070635,72639564.43080562,TENT B1,1.3893961112695514
10,0.1,21,4967502.879,2.155267216661795,TETO NS,thermal-gas,492421663.09070635,72639564.43080562,TENT B1,1.3893961112695514
10,0.1,22,4793350.023,0.2094121378389786,HE Pirot,hydro,492421663.09070635,72639564.43080562,TENT B1,1.3893961112695514
10,0.1,23,4635783.154,0.20589548649277584,HEDJ 1,hydro,492421663.09070635,72639564.43080562,TENT B1,1.3893961112695514
10,0.15,0,4619197.168,0.29355396094019526,HEDJ 1,hydro,489385098.7881989,73154209.90198117,TENT B1,1.6005182707918346
10,0.15,1,4461630.298,0.29355396094019526,HEDJ 1,hydro,489385098.7881989,73154209.90198117,TENT B1,1.6005182707918346
10,0.15,2,4469923.292,0.29355396094019526,HEDJ 1,hydro,489385098.7881989,73154209.90198117,TENT B1,1.6005182707918346
10,0.15,3,4386993.36,0.29355396094019526,HEDJ 1,hydro,489385098.7881989,73154209.90198117,TENT B1,1.6005182707918346
10,0.15,4,4254305.47,0.29355396094019526,HEDJ 1,hydro,489385098.7881989,73154209.90198117,TENT B1,1.6005182707918346
10,0.15,5,4204547.512,0.29355396094019526,HEDJ 1,hydro,489385098.7881989,73154209.90198117,TENT B1,1.6005182707918346
10,0.15,6,4672900.0,0.29355396094019526,HEDJ 1,hydro,489385098.7881989,73154209.90198117,TENT B1,1.6005182707918346
10,0.15,7,5038100.0,2.9111211369475125,TETO NS,thermal-gas,489385098.7881989,73154209.90198117,TENT B1,1.6005182707918346
10,0.15,8,5071300.0,2.9111211369475125,TETO NS,thermal-gas,489385098.7881989,73154209.90198117,TENT B1,1.6005182707918346
10,0.15,9,5046400.0,2.9111211369475125,TETO NS,thermal-gas,489385098.7881989,73154209.90198117,TENT B1,1.6005182707918346
10,0.15,10,5046400.0,2.9111211369475125,TETO NS,thermal-gas,489385098.7881989,73154209.90198117,TENT B1,1.6005182707918346
10,0.15,11,5029800.0,2.9111211369475125,TETO NS,thermal-gas,489385098.7881989,73154209.90198117,TENT B1,1.6005182707918346
10,0.15,12,4980000.0,2.9111211369475125,TETO NS,thermal-gas,489385098.7881989,73154209.90198117,TENT B1,1.6005182707918346
10,0.15,13,4963400.0,2.8242811364522087,mixed,mixed,489385098.7881989,73154209.90198117,TENT B1,1.6005182707918346
10,0.15,14,4921900.0,0.3079464025558085,Vrla 1,hydro,489385098.7881989,73154209.90198117,TENT B1,1.6005182707918346
10,0.15,15,4921900.0,0.3079464025558085,Vrla 1,hydro,489385098.7881989,73154209.90198117,TENT B1,1.6005182707918346
10,0.15,16,4921900.0,0.3079464025558085,Vrla 1,hydro,489385098.7881989,73154209.90198117,TENT B1,1.6005182707918346
10,0.15,17,5096200.0,2.9111211369475125,TETO NS,thermal-gas,489385098.7881989,73154209.90198117,TENT B1,1.6005182707918346
10,0.15,18,5187500.0,2.9111211369475125,TETO NS,thermal-gas,489385098.7881989,73154209.90198117,TENT B1,1.6005182707918346
10,0.15,19,5174827.707,2.911121136947513,TETO NS,thermal-gas,489385098.7881989,73154209.90198117,TENT B1,1.6005182707918346
10,0.15,20,5158241.72,2.911121136947513,TETO NS,thermal-gas,489385098.7881989,73154209.90198117,TENT B1,1.6005182707918346
10,0.15,21,4967502.879,2.911121136947513,TETO NS,thermal-gas,489385098.7881989,73154209.90198117,TENT B1,1.6005182707918346
10,0.15,22,4793350.023,0.29355396094019526,HEDJ 1,hydro,489385098.7881989,73154209.90198117,TENT B1,1.6005182707918346
10,0.15,23,4635783.154,0.29355396094019526,HEDJ 1,hydro,489385098.7881989,73154209.90198117,TENT B1,1.6005182707918346
10,0.2,0,4619197.168,0.38121243538761485,HEDJ 1,hydro,488329186.46314067,73393136.9087167,TENT B1,1.811640430314118
10,0.2,1,4461630.298,0.38121243538761485,HEDJ 1,hydro,488329186.46314067,73393136.9087167,TENT B1,1.811640430314118
10,0.2,2,4469923.292,0.38121243538761485,HEDJ 1,hydro,488329186.46314067,73393136.9087167,TENT B1,1.811640430314118
10,0.2,3,4386993.36,0.38121243538761485,HEDJ 1,hydro,488329186.46314067,73393136.9087167,TENT B1,1.811640430314118
10,0.2,4,4254305.47,0.38121243538761485,HEDJ 1,hydro,488329186.46314067,73393136.9087167,TENT B1,1.811640430314118
10,0.2,5,4204547.512,0.38121243538761485,HEDJ 1,hydro,488329186.46314067,73393136.9087167,TENT B1,1.811640430314118
10,0.2,6,4672900.0,0.38121243538761485,HEDJ 1,hydro,488329186.46314067,73393136.9087167,TENT B1,1.811640430314118
10,0.2,7,5038100.0,3.6669750572332314,TETO NS,thermal-gas,488329186.46314067,73393136.9087167,TENT B1,1.811640430314118
10,0.2,8,5071300.0,3.6669750572332314,TETO NS,thermal-gas,488329186.46314067,73393136.9087167,TENT B1,1.811640430314118
10,0.2,9,5046400.0,3.6669750572332314,TETO NS,thermal-gas,488329186.46314067,73393136.9087167,TENT B1,1.811640430314118
10,0.2,10,5046400.0,3.6669750572332314,TETO NS,thermal-gas,488329186.46314067,73393136.9087167,TENT B1,1.811640430314118
10,0.2,11,5029800.0,3.6669750572332314,TETO NS,thermal-gas,488329186.46314067,73393136.9087167,TENT B1,1.811640430314118
10,0.2,12,4980000.0,3.6669750572332314,TETO NS,thermal-gas,488329186.46314067,73393136.9087167,TENT B1,1.811640430314118
10,0.2,13,4963400.0,0.8425390131890615,mixed,mixed,488329186.46314067,73393136.9087167,TENT B1,1.811640430314118
10,0.2,14,4921900.0,0.39738960784297916,Vrla 2,hydro,488329186.46314067,73393136.9087167,TENT B1,1.811640430314118
10,0.2,15,4921900.0,0.39738960784297916,Vrla 2,hydro,488329186.46314067,73393136.9087167,TENT B1,1.811640430314118
10,0.2,16,4921900.0,0.39738960784297916,Vrla 2,hydro,488329186.46314067,73393136.9087167,TENT B1,1.811640430314118
10,0.2,17,5096200.0,3.6669750572332314,TETO NS,thermal-gas,488329186.46314067,73393136.9087167,TENT B1,1.811640430314118
10,0.2,18,5187500.0,3.6669750572332314,TETO NS,thermal-gas,488329186.46314067,73393136.9087167,TENT B1,1.811640430314118
10,0.2,19,5174827.707,3.6669750572332314,TETO NS,thermal-gas,488329186.46314067,73393136.9087167,TENT B1,1.811640430314118
10,0.2,20,5158241.72,3.6669750572332314,TETO NS,thermal-gas,488329186.46314067,73393136.9087167,TENT B1,1.811640430314118
10,0.2,21,4967502.879,1.344,New Solar,solar,488329186.46314067,73393136.9087167,TENT B1,1.811640430314118
10,0.2,22,4793350.023,0.38121243538761485,HEDJ 1,hydro,488329186.46314067,73393136.9087167,TENT B1,1.811640430314118
10,0.2,23,4635783.154,0.38121243538761485,HEDJ 1,hydro,488329186.46314067,73393136.9087167,TENT B1,1.811640430314118
10,0.25,0,4619197.168,0.4688709098350341,HEDJ 1,hydro,487959677.3226009,73504000.4654282,TENT B1,2.0227625898364012
10,0.25,1,4461630.298,0.4688709098350341,HEDJ 1,hydro,487959677.3226009,73504000.4654282,TENT B1,2.0227625898364012
10,0.25,2,4469923.292,0.4688709098350341,HEDJ 1,hydro,487959677.3226009,73504000.4654282,TENT B1,2.0227625898364012
10,0.25,3,4386993.36,0.4688709098350341,HEDJ 1,hydro,487959677.3226009,73504000.4654282,TENT B1,2.0227625898364012
10,0.25,4,4254305.47,0.4688709098350341,HEDJ 1,hydro,487959677.3226009,73504000.4654282,TENT B1,2.0227625898364012
10,0.25,5,4204547.512,0.4688709098350341,HEDJ 1,hydro,487959677.3226009,73504000.4654282,TENT B1,2.0227625898364012
10,0.25,6,4672900.0,0.4688709098350341,HEDJ 1,hydro,487959677.3226009,73504000.4654282,TENT B1,2.0227625898364012
10,0.25,7,5038100.0,4.422828977518948,TETO NS,thermal-gas,487959677.3226009,73504000.4654282,TENT B1,2.0227625898364012
10,0.25,8,5071300.0,4.422828977518948,TETO NS,thermal-gas,487959677.3226009,73504000.4654282,TENT B1,2.0227625898364012
10,0.25,9,5046400.0,4.422828977518948,TETO NS,thermal-gas,487959677.3226009,73504000.4654282,TENT B1,2.0227625898364012
10,0.25,10,5046400.0,4.422828977518948,TETO NS,thermal-gas,487959677.3226009,73504000.4654282,TENT B1,2.0227625898364012
10,0.25,11,5029800.0,4.422828977518948,TETO NS,thermal-gas,487959677.3226009,73504000.4654282,TENT B1,2.0227625898364012
10,0.25,12,4980000.0,2.0822747512328883,mixed,mixed,487959677.3226009,73504000.4654282,TENT B1,2.0227625898364012
10,0.25,13,4963400.0,0.4918588374155277,Vrla 1,hydro,487959677.3226009,73504000.4654282,TENT B1,2.0227625898364012
10,0.25,14,4921900.0,0.4850035812746154,Vrla 3,hydro,487959677.3226009,73504000.4654282,TENT B1,2.0227625898364012
10,0.25,15,4921900.0,0.4850035812746154,Vrla 3,hydro,487959677.3226009,73504000.4654282,TENT B1,2.0227625898364012
10,0.25,16,4921900.0,0.4850035812746154,Vrla 3,hydro,487959677.3226009,73504000.4654282,TENT B1,2.0227625898364012
10,0.25,17,5096200.0,4.422828977518948,TETO NS,thermal-gas,487959677.3226009,73504000.4654282,TENT B1,2.0227625898364012
10,0.25,18,5187500.0,4.422828977518948,TETO NS,thermal-gas,487959677.3226009,73504000.4654282,TENT B1,2.0227625898364012
10,0.25,19,5174827.707,4.422828977518948,TETO NS,thermal-gas,487959677.3226009,73504000.4654282,TENT B1,2.0227625898364012
10,0.25,20,5158241.72,4.422828977518948,TETO NS,thermal-gas,487959677.3226009,73504000.4654282,TENT B1,2.0227625898364012
10,0.25,21,4967502.879,0.4918588374155277,Vrla 1,hydro,487959677.3226009,73504000.4654282,TENT B1,2.0227625898364012
10,0.25,22,4793350.023,0.4688709098350341,HEDJ 1,hydro,487959677.3226009,73504000.4654282,TENT B1,2.0227625898364012
10,0.25,23,4635783.154,0.4688709098350341,HEDJ 1,hydro,487959677.3226009,73504000.4654282,TENT B1,2.0227625898364012
10,0.3,0,4619197.168,0.5565293842824537,HEDJ 1,hydro,485910967.1938935,74267903.4268556,TENT B1,2.2338847493586846
10,0.3,1,4461630.298,0.5565293842824537,HEDJ 1,hydro,485910967.1938935,74267903.4268556,TENT B1,2.2338847493586846
10,0.3,2,4469923.292,0.5565293842824537,HEDJ 1,hydro,485910967.1938935,74267903.4268556,TENT B1,2.2338847493586846
10,0.3,3,4386993.36,0.5565293842824537,HEDJ 1,hydro,485910967.1938935,74267903.4268556,TENT B1,2.2338847493586846
10,0.3,4,4254305.47,0.5565293842824537,HEDJ 1,hydro,485910967.1938935,74267903.4268556,TENT B1,2.2338847493586846
10,0.3,5,4204547.512,0.5560106582138267,Zvornik,hydro,485910967.1938935,74267903.4268556,TENT B1,2.2338847493586846
10,0.3,6,4672900.0,0.5565293842824537,HEDJ 1,hydro,485910967.1938935,74267903.4268556,TENT B1,2.2338847493586846
10,0.3,7,5038100.0,5.178682897804666,TETO NS,thermal-gas,485910967.1938935,74267903.4268556,TENT B1,2.2338847493586846
10,0.3,8,5071300.0,5.178682897804666,TETO NS,thermal-gas,485910967.1938935,74267903.4268556,TENT B1,2.2338847493586846
10,0.3,9,5046400.0,5.178682897804666,TETO NS,thermal-gas,485910967.1938935,74267903.4268556,TENT B1,2.2338847493586846
10,0.3,10,5046400.0,5.178682897804666,TETO NS,thermal-gas,485910967.1938935,74267903.4268556,TENT B1,2.2338847493586846
10,0.3,11,5029800.0,3.745918050839006,mixed,mixed,485910967.1938935,74267903.4268556,TENT B1,2.2338847493586846
10,0.3,12,4980000.0,0.5801463258884132,Vrla 2,hydro,485910967.1938935,74267903.4268556,TENT B1,2.2338847493586846
10,0.3,13,4963400.0,0.5756781638607391,Vrla 3,hydro,485910967.1938935,74267903.4268556,TENT B1,2.2338847493586846
10,0.3,14,4921900.0,0.5660347884162489,HE Pirot,hydro,485910967.1938935,74267903.4268556,TENT B1,2.2338847493586846
10,0.3,15,4921900.0,0.5660347884162489,HE Pirot,hydro,485910967.1938935,74267903.4268556,TENT B1,2.2338847493586846
10,0.3,16,4921900.0,0.5660347884162489,HE Pirot,hydro,485910967.1938935,74267903.4268556,TENT B1,2.2338847493586846
10,0.3,17,5096200.0,5.178682897804666,TETO NS,thermal-gas,485910967.1938935,74267903.4268556,TENT B1,2.2338847493586846
10,0.3,18,5187500.0,5.178682897804666,TETO NS,thermal-gas,485910967.1938935,74267903.4268556,TENT B1,2.2338847493586846
10,0.3,19,5174827.707,5.1786828978046655,TETO NS,thermal-gas,485910967.1938935,74267903.4268556,TENT B1,2.2338847493586846
10,0.3,20,5158241.72,5.1786828978046655,TETO NS,thermal-gas,485910967.1938935,74267903.4268556,TENT B1,2.2338847493586846
10,0.3,21,4967502.879,0.5756781638607389,Vrla 3,hydro,485910967.1938935,74267903.4268556,TENT B1,2.2338847493586846
10,0.3,22,4793350.023,0.5565293842824537,HEDJ 1,hydro,485910967.1938935,74267903.4268556,TENT B1,2.2338847493586846
10,0.3,23,4635783.154,0.5565293842824537,HEDJ 1,hydro,485910967.1938935,74267903.4268556,TENT B1,2.2338847493586846
10,0.35,0,4619197.168,0.644187858729873,HEDJ 1,hydro,485610773.6546543,74413884.25622329,TENT B1,2.445006908880968
10,0.35,1,4461630.298,0.644187858729873,HEDJ 1,hydro,485610773.6546543,74413884.25622329,TENT B1,2.445006908880968
10,0.35,2,4469923.292,0.644187858729873,HEDJ 1,hydro,485610773.6546543,74413884.25622329,TENT B1,2.445006908880968
10,0.35,3,4386993.36,0.644187858729873,HEDJ 1,hydro,485610773.6546543,74413884.25622329,TENT B1,2.445006908880968
10,0.35,4,4254305.47,0.644187858729873,HEDJ 1,hydro,485610773.6546543,74413884.25622329,TENT B1,2.445006908880968
10,0.35,5,4204547.512,0.6435874285551988,Zvornik,hydro,485610773.6546543,74413884.25622329,TENT B1,2.445006908880968
10,0.35,6,4672900.0,0.644187858729873,HEDJ 1,hydro,485610773.6546543,74413884.25622329,TENT B1,2.445006908880968
10,0.35,7,5038100.0,5.055016257129806,mixed,mixed,485610773.6546543,74413884.25622329,TENT B1,2.445006908880968
10,0.35,8,5071300.0,5.9345368180903835,TETO NS,thermal-gas,485610773.6546543,74413884.25622329,TENT B1,2.445006908880968
10,0.35,9,5046400.0,5.9345368180903835,TETO NS,thermal-gas,485610773.6546543,74413884.25622329,TENT B1,2.445006908880968
10,0.35,10,5046400.0,5.9345368180903835,TETO NS,thermal-gas,485610773.6546543,74413884.25622329,TENT B1,2.445006908880968
10,0.35,11,5029800.0,2.3164999999999996,New Solar,solar,485610773.6546543,74413884.25622329,TENT B1,2.445006908880968
10,0.35,12,4980000.0,0.6715246849111305,Vrla 2,hydro,485610773.6546543,74413884.25622329,TENT B1,2.445006908880968
10,0.35,13,4963400.0,0.6663527464468626,Vrla 3,hydro,485610773.6546543,74413884.25622329,TENT B1,2.445006908880968
10,0.35,14,4921900.0,0.6551904510605668,HE Pirot,hydro,485610773.6546543,74413884.25622329,TENT B1,2.445006908880968
10,0.35,15,4921900.0,0.6551904510605668,HE Pirot,hydro,485610773.6546543,74413884.25622329,TENT B1,2.445006908880968
10,0.35,16,4921900.0,0.6551904510605668,HE Pirot,hydro,485610773.6546543,74413884.25622329,TENT B1,2.445006908880968
10,0.35,17,5096200.0,5.9345368180903835,TETO NS,thermal-gas,485610773.6546543,74413884.25622329,TENT B1,2.445006908880968
10,0.35,18,5187500.0,5.9345368180903835,TETO NS,thermal-gas,485610773.6546543,74413884.25622329,TENT B1,2.445006908880968
10,0.35,19,5174827.707,5.934536818090383,TETO NS,thermal-gas,485610773.6546543,74413884.25622329,TENT B1,2.445006908880968
10,0.35,20,5158241.72,5.934536818090383,TETO NS,thermal-gas,485610773.6546543,74413884.25622329,TENT B1,2.445006908880968
10,0.35,21,4967502.879,0.6663527464468626,Vrla 3,hydro,485610773.6546543,74413884.25622329,TENT B1,2.445006908880968
10,0.35,22,4793350.023,0.644187858729873,HEDJ 1,hydro,485610773.6546543,74413884.25622329,TENT B1,2.445006908880968
10,0.35,23,4635783.154,0.644187858729873,HEDJ 1,hydro,485610773.6546543,74413884.25622329,TENT B1,2.445006908880968
10,0.4,0,4619197.168,0.7318463331772924,HEDJ 1,hydro,485478911.2233484,74500554.90516116,TENT B1,2.6561290684032515
10,0.4,1,4461630.298,0.7318463331772924,HEDJ 1,hydro,485478911.2233484,74500554.90516116,TENT B1,2.6561290684032515
10,0.4,2,4469923.292,0.7318463331772924,HEDJ 1,hydro,485478911.2233484,74500554.90516116,TENT B1,2.6561290684032515
10,0.4,3,4386993.36,0.7318463331772924,HEDJ 1,hydro,485478911.2233484,74500554.90516116,TENT B1,2.6561290684032515
10,0.4,4,4254305.47,0.7311641988965711,Zvornik,hydro,485478911.2233484,74500554.90516116,TENT B1,2.6561290684032515
10,0.4,5,4204547.512,0.7311641988965711,Zvornik,hydro,485478911.2233484,74500554.90516116,TENT B1,2.6561290684032515
10,0.4,6,4672900.0,0.7318463331772924,HEDJ 1,hydro,485478911.2233484,74500554.90516116,TENT B1,2.6561290684032515
10,0.4,7,5038100.0,3.1850933932287404,mixed,mixed,485478911.2233484,74500554.90516116,TENT B1,2.6561290684032515
10,0.4,8,5071300.0,6.690390738376102,TETO NS,thermal-gas,485478911.2233484,74500554.90516116,TENT B1,2.6561290684032515
10,0.4,9,5046400.0,6.690390738376102,TETO NS,thermal-gas,485478911.2233484,74500554.90516116,TENT B1,2.6561290684032515
10,0.4,10,5046400.0,6.690390738376102,TETO NS,thermal-gas,485478911.2233484,74500554.90516116,TENT B1,2.6561290684032515
10,0.4,11,5029800.0,2.646,New Solar,solar,485478911.2233484,74500554.90516116,TENT B1,2.6561290684032515
10,0.4,12,4980000.0,0.7570273290329865,Vrla 3,hydro,485478911.2233484,74500554.90516116,TENT B1,2.6561290684032515
10,0.4,13,4963400.0,0.7509233506017625,Vrla 4,hydro,485478911.2233484,74500554.90516116,TENT B1,2.6561290684032515
10,0.4,14,4921900.0,0.7443461137048846,HE Pirot,hydro,485478911.2233484,74500554.90516116,TENT B1,2.6561290684032515
10,0.4,15,4921900.0,0.7443461137048846,HE Pirot,hydro,485478911.2233484,74500554.90516116,TENT B1,2.6561290684032515
10,0.4,16,4921900.0,0.7443461137048846,HE Pirot,hydro,485478911.2233484,74500554.90516116,TENT B1,2.6561290684032515
10,0.4,17,5096200.0,6.690390738376102,TETO NS,thermal-gas,485478911.2233484,74500554.90516116,TENT B1,2.6561290684032515
10,0.4,18,5187500.0,6.690390738376102,TETO NS,thermal-gas,485478911.2233484,74500554.90516116,TENT B1,2.6561290684032515
10,0.4,19,5174827.707,6.690390738376102,TETO NS,thermal-gas,485478911.2233484,74500554.90516116,TENT B1,2.6561290684032515
10,0.4,20,5158241.72,6.690390738376102,TETO NS,thermal-gas,485478911.2233484,74500554.90516116,TENT B1,2.6561290684032515
10,0.4,21,4967502.879,0.7570273290329868,Vrla 3,hydro,485478911.2233484,74500554.90516116,TENT B1,2.6561290684032515
10,0.4,22,4793350.023,0.7318463331772924,HEDJ 1,hydro,485478911.2233484,74500554.90516116,TENT B1,2.6561290684032515
10,0.4,23,4635783.154,0.7318463331772924,HEDJ 1,hydro,485478911.2233484,74500554.90516116,TENT B1,2.6561290684032515
10,0.45,0,4619197.168,0.8195048076247118,HEDJ 1,hydro,485434741.2137508,74531535.24636069,TENT B1,2.8672512279255344
10,0.45,1,4461630.298,0.8195048076247118,HEDJ 1,hydro,485434741.2137508,74531535.24636069,TENT B1,2.8672512279255344
10,0.45,2,4469923.292,0.8195048076247118,HEDJ 1,hydro,485434741.2137508,74531535.24636069,TENT B1,2.8672512279255344
10,0.45,3,4386993.36,0.8195048076247118,HEDJ 1,hydro,485434741.2137508,74531535.24636069,TENT B1,2.8672512279255344
10,0.45,4,4254305.47,0.8187409692379433,Zvornik,hydro,485434741.2137508,74531535.24636069,TENT B1,2.8672512279255344
10,0.45,5,4204547.512,0.8187409692379433,Zvornik,hydro,485434741.2137508,74531535.24636069,TENT B1,2.8672512279255344
10,0.45,6,4672900.0,0.8195048076247118,HEDJ 1,hydro,485434741.2137508,74531535.24636069,TENT B1,2.8672512279255344
10,0.45,7,5038100.0,2.9755,New Solar,solar,485434741.2137508,74531535.24636069,TENT B1,2.8672512279255344
10,0.45,8,5071300.0,7.44624465866182,TETO NS,thermal-gas,485434741.2137508,74531535.24636069,TENT B1,2.8672512279255344
10,0.45,9,5046400.0,7.44624465866182,TETO NS,thermal-gas,485434741.2137508,74531535.24636069,TENT B1,2.8672512279255344
10,0.45,10,5046400.0,7.44624465866182,TETO NS,thermal-gas,485434741.2137508,74531535.24636069,TENT B1,2.8672512279255344
10,0.45,11,5029800.0,1.3108603950761506,mixed,mixed,485434741.2137508,74531535.24636069,TENT B1,2.8672512279255344
10,0.45,12,4980000.0,0.8477019116191102,Vrla 3,hydro,485434741.2137508,74531535.24636069,TENT B1,2.8672512279255344
10,0.45,13,4963400.0,0.8408668159941741,Vrla 4,hydro,485434741.2137508,74531535.24636069,TENT B1,2.8672512279255344
10,0.45,14,4921900.0,0.8335017763492019,HE Pirot,hydro,485434741.2137508,74531535.24636069,TENT B1,2.8672512279255344
10,0.45,15,4921900.0,0.8335017763492019,HE Pirot,hydro,485434741.2137508,74531535.24636069,TENT B1,2.8672512279255344
10,0.45,16,4921900.0,0.8335017763492019,HE Pirot,hydro,485434741.2137508,74531535.24636069,TENT B1,2.8672512279255344
10,0.45,17,5096200.0,7.44624465866182,TETO NS,thermal-gas,485434741.2137508,74531535.24636069,TENT B1,2.8672512279255344
10,0.45,18,5187500.0,7.44624465866182,TETO NS,thermal-gas,485434741.2137508,74531535.24636069,TENT B1,2.8672512279255344
10,0.45,19,5174827.707,7.44624465866182,TETO NS,thermal-gas,485434741.2137508,74531535.24636069,TENT B1,2.8672512279255344
10,0.45,20,5158241.72,7.44624465866182,TETO NS,thermal-gas,485434741.2137508,74531535.24636069,TENT B1,2.8672512279255344
10,0.45,21,4967502.879,0.8408668159941741,Vrla 4,hydro,485434741.2137508,74531535.24636069,TENT B1,2.8672512279255344
10,0.45,22,4793350.023,0.8195048076247118,HEDJ 1,hydro,485434741.2137508,74531535.24636069,TENT B1,2.8672512279255344
10,0.45,23,4635783.154,0.8195048076247118,HEDJ 1,hydro,485434741.2137508,74531535.24636069,TENT B1,2.8672512279255344
10,0.5,0,4619197.168,0.9071632820721311,HEDJ 1,hydro,485395581.37567276,74565087.23843676,TENT B1,3.0783733874478183
10,0.5,1,4461630.298,0.9071632820721311,HEDJ 1,hydro,485395581.37567276,74565087.23843676,TENT B1,3.0783733874478183
10,0.5,2,4469923.292,0.9071632820721311,HEDJ 1,hydro,485395581.37567276,74565087.23843676,TENT B1,3.0783733874478183
10,0.5,3,4386993.36,0.9071632820721311,HEDJ 1,hydro,485395581.37567276,74565087.23843676,TENT B1,3.0783733874478183
10,0.5,4,4254305.47,0.9063177395793152,Zvornik,hydro,485395581.37567276,74565087.23843676,TENT B1,3.0783733874478183
10,0.5,5,4204547.512,0.9063177395793152,Zvornik,hydro,485395581.37567276,74565087.23843676,TENT B1,3.0783733874478183
10,0.5,6,4672900.0,0.9071632820721311,HEDJ 1,hydro,485395581.37567276,74565087.23843676,TENT B1,3.0783733874478183
10,0.5,7,5038100.0,3.3049999999999997,New Solar,solar,485395581.37567276,74565087.23843676,TENT B1,3.0783733874478183
10,0.5,8,5071300.0,8.202098578947538,TETO NS,thermal-gas,485395581.37567276,74565087.23843676,TENT B1,3.0783733874478183
10,0.5,9,5046400.0,6.680982072875065,mixed,mixed,485395581.37567276,74565087.23843676,TENT B1,3.0783733874478183
10,0.5,10,5046400.0,8.202098578947538,TETO NS,thermal-gas,485395581.37567276,74565087.23843676,TENT B1,3.0783733874478183
10,0.5,11,5029800.0,0.9516399245648257,Vrla 1,hydro,485395581.37567276,74565087.23843676,TENT B1,3.0783733874478183
10,0.5,12,4980000.0,0.938376494205234,Vrla 3,hydro,485395581.37567276,74565087.23843676,TENT B1,3.0783733874478183
10,0.5,13,4963400.0,0.9308102813865857,Vrla 4,hydro,485395581.37567276,74565087.23843676,TENT B1,3.0783733874478183
10,0.5,14,4921900.0,0.9226574389935198,HE Pirot,hydro,485395581.37567276,74565087.23843676,TENT B1,3.0783733874478183
10,0.5,15,4921900.0,0.9226574389935198,HE Pirot,hydro,485395581.37567276,74565087.23843676,TENT B1,3.0783733874478183
10,0.5,16,4921900.0,0.9226574389935198,HE Pirot,hydro,485395581.37567276,74565087.23843676,TENT B1,3.0783733874478183
10,0.5,17,5096200.0,8.202098578947538,TETO NS,thermal-gas,485395581.37567276,74565087.23843676,TENT B1,3.0783733874478183
10,0.5,18,5187500.0,8.202098578947538,TETO NS,thermal-gas,485395581.37567276,74565087.23843676,TENT B1,3.0783733874478183
10,0.5,19,5174827.707,8.202098578947538,TETO NS,thermal-gas,485395581.37567276,74565087.23843676,TENT B1,3.0783733874478183
10,0.5,20,5158241.72,8.202098578947538,TETO NS,thermal-gas,485395581.37567276,74565087.23843676,TENT B1,3.0783733874478183
10,0.5,21,4967502.879,0.9308102813865857,Vrla 4,hydro,485395581.37567276,74565087.23843676,TENT B1,3.0783733874478183
10,0.5,22,4793350.023,0.9071632820721311,HEDJ 1,hydro,485395581.37567276,74565087.23843676,TENT B1,3.0783733874478183
10,0.5,23,4635783.154,0.9071632820721311,HEDJ 1,hydro,485395581.37567276,74565087.23843676,TENT B1,3.0783733874478183
10,0.55,0,4619197.168,0.9948217565195501,HEDJ 1,hydro,485395581.37567276,74565087.23843676,TENT B1,3.2894955469701013
10,0.55,1,4461630.298,0.9948217565195501,HEDJ 1,hydro,485395581.37567276,74565087.23843676,TENT B1,3.2894955469701013
10,0.55,2,4469923.292,0.9948217565195501,HEDJ 1,hydro,485395581.37567276,74565087.23843676,TENT B1,3.2894955469701013
10,0.55,3,4386993.36,0.9948217565195501,HEDJ 1,hydro,485395581.37567276,74565087.23843676,TENT B1,3.2894955469701013
10,0.55,4,4254305.47,0.9938945099206871,Zvornik,hydro,485395581.37567276,74565087.23843676,TENT B1,3.2894955469701013
10,0.55,5,4204547.512,0.9938945099206871,Zvornik,hydro,485395581.37567276,74565087.23843676,TENT B1,3.2894955469701013
10,0.55,6,4672900.0,0.9948217565195501,HEDJ 1,hydro,485395581.37567276,74565087.23843676,TENT B1,3.2894955469701013
10,0.55,7,5038100.0,3.6345,New Solar,solar,485395581.37567276,74565087.23843676,TENT B1,3.2894955469701013
10,0.55,8,5071300.0,8.957952499233258,TETO NS,thermal-gas,485395581.37567276,74565087.23843676,TENT B1,3.2894955469701013
10,0.55,9,5046400.0,8.957952499233258,TETO NS,thermal-gas,485395581.37567276,74565087.23843676,TENT B1,3.2894955469701013
10,0.55,10,5046400.0,5.464542799147109,mixed,mixed,485395581.37567276,74565087.23843676,TENT B1,3.2894955469701013
10,0.55,11,5029800.0,1.0435961419946849,Vrla 1,hydro,485395581.37567276,74565087.23843676,TENT B1,3.2894955469701013
10,0.55,12,4980000.0,1.029051076791358,Vrla 3,hydro,485395581.37567276,74565087.23843676,TENT B1,3.2894955469701013
10,0.55,13,4963400.0,1.0207537467789978,Vrla 4,hydro,485395581.37567276,74565087.23843676,TENT B1,3.2894955469701013
10,0.55,14,4921900.0,1.0118131016378378,HE Pirot,hydro,485395581.37567276,74565087.23843676,TENT B1,3.2894955469701013
10,0.55,15,4921900.0,1.0118131016378378,HE Pirot,hydro,485395581.37567276,74565087.23843676,TENT B1,3.2894955469701013
10,0.55,16,4921900.0,1.0118131016378378,HE Pirot,hydro,485395581.37567276,74565087.23843676,TENT B1,3.2894955469701013
10,0.55,17,5096200.0,8.957952499233258,TETO NS,thermal-gas,485395581.37567276,74565087.23843676,TENT B1,3.2894955469701013
10,0.55,18,5187500.0,8.957952499233258,TETO NS,thermal-gas,485395581.37567276,74565087.23843676,TENT B1,3.2894955469701013
10,0.55,19,5174827.707,8.957952499233256,TETO NS,thermal-gas,485395581.37567276,74565087.23843676,TENT B1,3.2894955469701013
10,0.55,20,5158241.72,8.957952499233256,TETO NS,thermal-gas,485395581.37567276,74565087.23843676,TENT B1,3.2894955469701013
10,0.55,21,4967502.879,1.0207537467789978,Vrla 4,hydro,485395581.37567276,74565087.23843676,TENT B1,3.2894955469701013
10,0.55,22,4793350.023,0.9948217565195501,HEDJ 1,hydro,485395581.37567276,74565087.23843676,TENT B1,3.2894955469701013
10,0.55,23,4635783.154,0.9948217565195501,HEDJ 1,hydro,485395581.37567276,74565087.23843676,TENT B1,3.2894955469701013
10,0.6,0,4619197.168,1.0824802309669699,HEDJ 1,hydro,485395581.37567276,74565087.23843676,TENT B1,3.5006177064923842
10,0.6,1,4461630.298,1.0824802309669699,HEDJ 1,hydro,485395581.37567276,74565087.23843676,TENT B1,3.5006177064923842
10,0.6,2,4469923.292,1.0824802309669699,HEDJ 1,hydro,485395581.37567276,74565087.23843676,TENT B1,3.5006177064923842
10,0.6,3,4386993.36,1.0824802309669699,HEDJ 1,hydro,485395581.37567276,74565087.23843676,TENT B1,3.5006177064923842
10,0.6,4,4254305.47,1.081471280262059,Zvornik,hydro,485395581.37567276,74565087.23843676,TENT B1,3.5006177064923842
10,0.6,5,4204547.512,1.081471280262059,Zvornik,hydro,485395581.37567276,74565087.23843676,TENT B1,3.5006177064923842
10,0.6,6,4672900.0,1.0824802309669699,HEDJ 1,hydro,485395581.37567276,74565087.23843676,TENT B1,3.5006177064923842
10,0.6,7,5038100.0,3.9639999999999995,New Solar,solar,485395581.37567276,74565087.23843676,TENT B1,3.5006177064923842
10,0.6,8,5071300.0,9.713806419518974,TETO NS,thermal-gas,485395581.37567276,74565087.23843676,TENT B1,3.5006177064923842
10,0.6,9,5046400.0,8.961771005910943,mixed,mixed,485395581.37567276,74565087.23843676,TENT B1,3.5006177064923842
10,0.6,10,5046400.0,5.0001389390272015,Solarna Elektrana,solar,485395581.37567276,74565087.23843676,TENT B1,3.5006177064923842
10,0.6,11,5029800.0,1.1355523594245445,Vrla 1,hydro,485395581.37567276,74565087.23843676,TENT B1,3.5006177064923842
10,0.6,12,4980000.0,1.1197256593774814,Vrla 3,hydro,485395581.37567276,74565087.23843676,TENT B1,3.5006177064923842
10,0.6,13,4963400.0,1.1106972121714085,Vrla 4,hydro,485395581.37567276,74565087.23843676,TENT B1,3.5006177064923842
10,0.6,14,4921900.0,1.1009687642821548,HE Pirot,hydro,485395581.37567276,74565087.23843676,TENT B1,3.5006177064923842
10,0.6,15,4921900.0,1.1009687642821548,HE Pirot,hydro,485395581.37567276,74565087.23843676,TENT B1,3.5006177064923842
10,0.6,16,4921900.0,1.1009687642821548,HE Pirot,hydro,485395581.37567276,74565087.23843676,TENT B1,3.5006177064923842
10,0.6,17,5096200.0,9.713806419518974,TETO NS,thermal-gas,485395581.37567276,74565087.23843676,TENT B1,3.5006177064923842
10,0.6,18,5187500.0,9.713806419518974,TETO NS,thermal-gas,485395581.37567276,74565087.23843676,TENT B1,3.5006177064923842
10,0.6,19,5174827.707,9.713806419518974,TETO NS,thermal-gas,485395581.37567276,74565087.23843676,TENT B1,3.5006177064923842
10,0.6,20,5158241.72,9.713806419518974,TETO NS,thermal-gas,485395581.37567276,74565087.23843676,TENT B1,3.5006177064923842
10,0.6,21,4967502.879,1.1106972121714085,Vrla 4,hydro,485395581.37567276,74565087.23843676,TENT B1,3.5006177064923842
10,0.6,22,4793350.023,1.0824802309669699,HEDJ 1,hydro,485395581.37567276,74565087.23843676,TENT B1,3.5006177064923842
10,0.6,23,4635783.154,1.0824802309669699,HEDJ 1,hydro,485395581.37567276,74565087.23843676,TENT B1,3.5006177064923842
10,0.65,0,4619197.168,1.1701387054143897,HEDJ 1,hydro,485395581.37567276,74565087.23843676,TENT B1,3.711739866014668
10,0.65,1,4461630.298,1.1701387054143897,HEDJ 1,hydro,485395581.37567276,74565087.23843676,TENT B1,3.711739866014668
10,0.65,2,4469923.292,1.1701387054143897,HEDJ 1,hydro,485395581.37567276,74565087.23843676,TENT B1,3.711739866014668
10,0.65,3,4386993.36,1.1701387054143897,HEDJ 1,hydro,485395581.37567276,74565087.23843676,TENT B1,3.711739866014668
10,0.65,4,4254305.47,1.1690480506034309,Zvornik,hydro,485395581.37567276,74565087.23843676,TENT B1,3.711739866014668
10,0.65,5,4204547.512,1.1690480506034309,Zvornik,hydro,485395581.37567276,74565087.23843676,TENT B1,3.711739866014668
10,0.65,6,4672900.0,1.1701387054143897,HEDJ 1,hydro,485395581.37567276,74565087.23843676,TENT B1,3.711739866014668
10,0.65,7,5038100.0,4.2935,New Solar,solar,485395581.37567276,74565087.23843676,TENT B1,3.711739866014668
10,0.65,8,5071300.0,10.469660339804692,TETO NS,thermal-gas,485395581.37567276,74565087.23843676,TENT B1,3.711739866014668
10,0.65,9,5046400.0,8.08555856356623,mixed,mixed,485395581.37567276,74565087.23843676,TENT B1,3.711739866014668
10,0.65,10,5046400.0,5.41576602792969,Solarna Elektrana,solar,485395581.37567276,74565087.23843676,TENT B1,3.711739866014668
10,0.65,11,5029800.0,1.227508576854404,Vrla 1,hydro,485395581.37567276,74565087.23843676,TENT B1,3.711739866014668
10,0.65,12,4980000.0,1.2104002419636055,Vrla 3,hydro,485395581.37567276,74565087.23843676,TENT B1,3.711739866014668
10,0.65,13,4963400.0,1.2006406775638205,Vrla 4,hydro,485395581.37567276,74565087.23843676,TENT B1,3.711739866014668
10,0.65,14,4921900.0,1.1901244269264728,HE Pirot,hydro,485395581.37567276,74565087.23843676,TENT B1,3.711739866014668
10,0.65,15,4921900.0,1.1901244269264728,HE Pirot,hydro,485395581.37567276,74565087.23843676,TENT B1,3.711739866014668
10,0.65,16,4921900.0,1.1901244269264728,HE Pirot,hydro,485395581.37567276,74565087.23843676,TENT B1,3.711739866014668
10,0.65,17,5096200.0,10.469660339804692,TETO NS,thermal-gas,485395581.37567276,74565087.23843676,TENT B1,3.711739866014668
10,0.65,18,5187500.0,10.469660339804692,TETO NS,thermal-gas,485395581.37567276,74565087.23843676,TENT B1,3.711739866014668
10,0.65,19,5174827.707,10.469660339804692,TETO NS,thermal-gas,485395581.37567276,74565087.23843676,TENT B1,3.711739866014668
10,0.65,20,5158241.72,10.469660339804692,TETO NS,thermal-gas,485395581.37567276,74565087.23843676,TENT B1,3.711739866014668
10,0.65,21,4967502.879,1.2006406775638205,Vrla 4,hydro,485395581.37567276,74565087.23843676,TENT B1,3.711739866014668
10,0.65,22,4793350.023,1.1701387054143897,HEDJ 1,hydro,485395581.37567276,74565087.23843676,TENT B1,3.711739866014668
10,0.65,23,4635783.154,1.1701387054143897,HEDJ 1,hydro,485395581.37567276,74565087.23843676,TENT B1,3.711739866014668
10,0.7,0,4619197.168,1.257797179861809,HEDJ 1,hydro,485395581.37567276,74565087.23843676,TENT B1,3.922862025536951
10,0.7,1,4461630.298,1.257797179861809,HEDJ 1,hydro,485395581.37567276,74565087.23843676,TENT B1,3.922862025536951
10,0.7,2,4469923.292,1.257797179861809,HEDJ 1,hydro,485395581.37567276,74565087.23843676,TENT B1,3.922862025536951
10,0.7,3,4386993.36,1.257797179861809,HEDJ 1,hydro,485395581.37567276,74565087.23843676,TENT B1,3.922862025536951
10,0.7,4,4254305.47,1.2566248209448028,Zvornik,hydro,485395581.37567276,74565087.23843676,TENT B1,3.922862025536951
10,0.7,5,4204547.512,1.2566248209448028,Zvornik,hydro,485395581.37567276,74565087.23843676,TENT B1,3.922862025536951
10,0.7,6,4672900.0,1.257797179861809,HEDJ 1,hydro,485395581.37567276,74565087.23843676,TENT B1,3.922862025536951
10,0.7,7,5038100.0,4.622999999999999,New Solar,solar,485395581.37567276,74565087.23843676,TENT B1,3.922862025536951
10,0.7,8,5071300.0,11.225514260090407,TETO NS,thermal-gas,485395581.37567276,74565087.23843676,TENT B1,3.922862025536951
10,0.7,9,5046400.0,7.209346121221516,mixed,mixed,485395581.37567276,74565087.23843676,TENT B1,3.922862025536951
10,0.7,10,5046400.0,5.831393116832177,Solarna Elektrana,solar,485395581.37567276,74565087.23843676,TENT B1,3.922862025536951
10,0.7,11,5029800.0,1.3194647942842637,Vrla 1,hydro,485395581.37567276,74565087.23843676,TENT B1,3.922862025536951
10,0.7,12,4980000.0,1.3010748245497288,Vrla 3,hydro,485395581.37567276,74565087.23843676,TENT B1,3.922862025536951
10,0.7,13,4963400.0,1.2905841429562317,Vrla 4,hydro,485395581.37567276,74565087.23843676,TENT B1,3.922862025536951
10,0.7,14,4921900.0,1.2792800895707899,HE Pirot,hydro,485395581.37567276,74565087.23843676,TENT B1,3.922862025536951
10,0.7,15,4921900.0,1.2792800895707899,HE Pirot,hydro,485395581.37567276,74565087.23843676,TENT B1,3.922862025536951
10,0.7,16,4921900.0,1.2792800895707899,HE Pirot,hydro,485395581.37567276,74565087.23843676,TENT B1,3.922862025536951
10,0.7,17,5096200.0,11.225514260090407,TETO NS,thermal-gas,485395581.37567276,74565087.23843676,TENT B1,3.922862025536951
10,0.7,18,5187500.0,11.225514260090407,TETO NS,thermal-gas,485395581.37567276,74565087.23843676,TENT B1,3.922862025536951
10,0.7,19,5174827.707,11.225514260090407,TETO NS,thermal-gas,485395581.37567276,74565087.23843676,TENT B1,3.922862025536951
10,0.7,20,5158241.72,11.225514260090407,TETO NS,thermal-gas,485395581.37567276,74565087.23843676,TENT B1,3.922862025536951
10,0.7,21,4967502.879,1.2905841429562321,Vrla 4,hydro,485395581.37567276,74565087.23843676,TENT B1,3.922862025536951
10,0.7,22,4793350.023,1.257797179861809,HEDJ 1,hydro,485395581.37567276,74565087.23843676,TENT B1,3.922862025536951
10,0.7,23,4635783.154,1.257797179861809,HEDJ 1,hydro,485395581.37567276,74565087.23843676,TENT B1,3.922862025536951
10,0.75,0,4619197.168,1.3454556543092284,HEDJ 1,hydro,485395581.37567276,74565087.23843676,TENT B1,4.1339841850592345
10,0.75,1,4461630.298,1.3454556543092284,HEDJ 1,hydro,485395581.37567276,74565087.23843676,TENT B1,4.1339841850592345
10,0.75,2,4469923.292,1.3454556543092284,HEDJ 1,hydro,485395581.37567276,74565087.23843676,TENT B1,4.1339841850592345
10,0.75,3,4386993.36,1.3454556543092284,HEDJ 1,hydro,485395581.37567276,74565087.23843676,TENT B1,4.1339841850592345
10,0.75,4,4254305.47,1.3442015912861742,Zvornik,hydro,485395581.37567276,74565087.23843676,TENT B1,4.1339841850592345
10,0.75,5,4204547.512,1.3442015912861742,Zvornik,hydro,485395581.37567276,74565087.23843676,TENT B1,4.1339841850592345
10,0.75,6,4672900.0,1.3454556543092284,HEDJ 1,hydro,485395581.37567276,74565087.23843676,TENT B1,4.1339841850592345
10,0.75,7,5038100.0,4.9525,New Solar,solar,485395581.37567276,74565087.23843676,TENT B1,4.1339841850592345
10,0.75,8,5071300.0,11.981368180376128,TETO NS,thermal-gas,485395581.37567276,74565087.23843676,TENT B1,4.1339841850592345
10,0.75,9,5046400.0,6.247020205734666,Solarna Elektrana,solar,485395581.37567276,74565087.23843676,TENT B1,4.1339841850592345
10,0.75,10,5046400.0,6.333133678876795,mixed,mixed,485395581.37567276,74565087.23843676,TENT B1,4.1339841850592345
10,0.75,11,5029800.0,1.4114210117141224,Vrla 1,hydro,485395581.37567276,74565087.23843676,TENT B1,4.1339841850592345
10,0.75,12,4980000.0,1.3917494071358525,Vrla 3,hydro,485395581.37567276,74565087.23843676,TENT B1,4.1339841850592345
10,0.75,13,4963400.0,1.3805276083486437,Vrla 4,hydro,485395581.37567276,74565087.23843676,TENT B1,4.1339841850592345
10,0.75,14,4921900.0,1.3684357522151078,HE Pirot,hydro,485395581.37567276,74565087.23843676,TENT B1,4.1339841850592345
10,0.75,15,4921900.0,1.3684357522151078,HE Pirot,hydro,485395581.37567276,74565087.23843676,TENT B1,4.1339841850592345
10,0.75,16,4921900.0,1.3684357522151078,HE Pirot,hydro,485395581.37567276,74565087.23843676,TENT B1,4.1339841850592345
10,0.75,17,5096200.0,11.981368180376128,TETO NS,thermal-gas,485395581.37567276,74565087.23843676,TENT B1,4.1339841850592345
10,0.75,18,5187500.0,11.981368180376128,TETO NS,thermal-gas,485395581.37567276,74565087.23843676,TENT B1,4.1339841850592345
10,0.75,19,5174827.707,11.981368180376128,TETO NS,thermal-gas,485395581.37567276,74565087.23843676,TENT B1,4.1339841850592345
10,0.75,20,5158241.72,11.981368180376128,TETO NS,thermal-gas,485395581.37567276,74565087.23843676,TENT B1,4.1339841850592345
10,0.75,21,4967502.879,1.3805276083486437,Vrla 4,hydro,485395581.37567276,74565087.23843676,TENT B1,4.1339841850592345
10,0.75,22,4793350.023,1.3454556543092284,HEDJ 1,hydro,485395581.37567276,74565087.23843676,TENT B1,4.1339841850592345
10,0.75,23,4635783.154,1.3454556543092284,HEDJ 1,hydro,485395581.37567276,74565087.23843676,TENT B1,4.1339841850592345
10,0.8,0,4619197.168,1.4331141287566482,HEDJ 1,hydro,485365293.41577935,74657670.0820278,TENT B1,4.345106344581518
10,0.8,1,4461630.298,1.4331141287566482,HEDJ 1,hydro,485365293.41577935,74657670.0820278,TENT B1,4.345106344581518
10,0.8,2,4469923.292,1.4331141287566482,HEDJ 1,hydro,485365293.41577935,74657670.0820278,TENT B1,4.345106344581518
10,0.8,3,4386993.36,1.4331141287566482,HEDJ 1,hydro,485365293.41577935,74657670.0820278,TENT B1,4.345106344581518
10,0.8,4,4254305.47,1.431778361627547,Zvornik,hydro,485365293.41577935,74657670.0820278,TENT B1,4.345106344581518
10,0.8,5,4204547.512,1.3970704745752118,HEDJ 2,hydro,485365293.41577935,74657670.0820278,TENT B1,4.345106344581518
10,0.8,6,4672900.0,1.4331141287566482,HEDJ 1,hydro,485365293.41577935,74657670.0820278,TENT B1,4.345106344581518
10,0.8,7,5038100.0,5.282,New Solar,solar,485365293.41577935,74657670.0820278,TENT B1,4.345106344581518
10,0.8,8,5071300.0,12.737222100661846,TETO NS,thermal-gas,485365293.41577935,74657670.0820278,TENT B1,4.345106344581518
10,0.8,9,5046400.0,6.662647294637154,Solarna Elektrana,solar,485365293.41577935,74657670.0820278,TENT B1,4.345106344581518
10,0.8,10,5046400.0,5.491629123584412,mixed,mixed,485365293.41577935,74657670.0820278,TENT B1,4.345106344581518
10,0.8,11,5029800.0,1.5033772291439824,Vrla 1,hydro,485365293.41577935,74657670.0820278,TENT B1,4.345106344581518
10,0.8,12,4980000.0,1.4824239897219766,Vrla 3,hydro,485365293.41577935,74657670.0820278,TENT B1,4.345106344581518
10,0.8,13,4963400.0,1.4704710737410558,Vrla 4,hydro,485365293.41577935,74657670.0820278,TENT B1,4.345106344581518
10,0.8,14,4921900.0,1.4575914148594258,HE Pirot,hydro,485365293.41577935,74657670.0820278,TENT B1,4.345106344581518
10,0.8,15,4921900.0,1.4575914148594258,HE Pirot,hydro,485365293.41577935,74657670.0820278,TENT B1,4.345106344581518
10,0.8,16,4921900.0,1.4575914148594258,HE Pirot,hydro,485365293.41577935,74657670.0820278,TENT B1,4.345106344581518
10,0.8,17,5096200.0,12.737222100661846,TETO NS,thermal-gas,485365293.41577935,74657670.0820278,TENT B1,4.345106344581518
10,0.8,18,5187500.0,12.737222100661846,TETO NS,thermal-gas,485365293.41577935,74657670.0820278,TENT B1,4.345106344581518
10,0.8,19,5174827.707,12.737222100661846,TETO NS,thermal-gas,485365293.41577935,74657670.0820278,TENT B1,4.345106344581518
10,0.8,20,5158241.72,12.737222100661846,TETO NS,thermal-gas,485365293.41577935,74657670.0820278,TENT B1,4.345106344581518
10,0.8,21,4967502.879,1.4704710737410558,Vrla 4,hydro,485365293.41577935,74657670.0820278,TENT B1,4.345106344581518
10,0.8,22,4793350.023,1.4331141287566482,HEDJ 1,hydro,485365293.41577935,74657670.0820278,TENT B1,4.345106344581518
10,0.8,23,4635783.154,1.4331141287566482,HEDJ 1,hydro,485365293.41577935,74657670.0820278,TENT B1,4.345106344581518
10,0.85,0,4619197.168,1.5207726032040663,HEDJ 1,hydro,485365293.41577935,74657670.0820278,TENT B1,4.556228504103801
10,0.85,1,4461630.298,1.5207726032040663,HEDJ 1,hydro,485365293.41577935,74657670.0820278,TENT B1,4.556228504103801
10,0.85,2,4469923.292,1.5207726032040663,HEDJ 1,hydro,485365293.41577935,74657670.0820278,TENT B1,4.556228504103801
10,0.85,3,4386993.36,1.5207726032040663,HEDJ 1,hydro,485365293.41577935,74657670.0820278,TENT B1,4.556228504103801
10,0.85,4,4254305.47,1.5193551319689194,Zvornik,hydro,485365293.41577935,74657670.0820278,TENT B1,4.556228504103801
10,0.85,5,4204547.512,1.4825242873870668,HEDJ 2,hydro,485365293.41577935,74657670.0820278,TENT B1,4.556228504103801
10,0.85,6,4672900.0,1.5207726032040663,HEDJ 1,hydro,485365293.41577935,74657670.0820278,TENT B1,4.556228504103801
10,0.85,7,5038100.0,5.6114999999999995,New Solar,solar,485365293.41577935,74657670.0820278,TENT B1,4.556228504103801
10,0.85,8,5071300.0,13.493076020947562,TETO NS,thermal-gas,485365293.41577935,74657670.0820278,TENT B1,4.556228504103801
10,0.85,9,5046400.0,5.6114999999999995,New Solar,solar,485365293.41577935,74657670.0820278,TENT B1,4.556228504103801
10,0.85,10,5046400.0,6.084314022308863,mixed,mixed,485365293.41577935,74657670.0820278,TENT B1,4.556228504103801
10,0.85,11,5029800.0,1.595333446573842,Vrla 1,hydro,485365293.41577935,74657670.0820278,TENT B1,4.556228504103801
10,0.85,12,4980000.0,1.5730985723081004,Vrla 3,hydro,485365293.41577935,74657670.0820278,TENT B1,4.556228504103801
10,0.85,13,4963400.0,1.5604145391334674,Vrla 4,hydro,485365293.41577935,74657670.0820278,TENT B1,4.556228504103801
10,0.85,14,4921900.0,1.5467470775037429,HE Pirot,hydro,485365293.41577935,74657670.0820278,TENT B1,4.556228504103801
10,0.85,15,4921900.0,1.5467470775037429,HE Pirot,hydro,485365293.41577935,74657670.0820278,TENT B1,4.556228504103801
10,0.85,16,4921900.0,1.5467470775037429,HE Pirot,hydro,485365293.41577935,74657670.0820278,TENT B1,4.556228504103801
10,0.85,17,5096200.0,13.493076020947562,TETO NS,thermal-gas,485365293.41577935,74657670.0820278,TENT B1,4.556228504103801
10,0.85,18,5187500.0,13.493076020947562,TETO NS,thermal-gas,485365293.41577935,74657670.0820278,TENT B1,4.556228504103801
10,0.85,19,5174827.707,13.493076020947562,TETO NS,thermal-gas,485365293.41577935,74657670.0820278,TENT B1,4.556228504103801
10,0.85,20,5158241.72,13.493076020947562,TETO NS,thermal-gas,485365293.41577935,74657670.0820278,TENT B1,4.556228504103801
10,0.85,21,4967502.879,1.5604145391334674,Vrla 4,hydro,485365293.41577935,74657670.0820278,TENT B1,4.556228504103801
10,0.85,22,4793350.023,1.5207726032040663,HEDJ 1,hydro,485365293.41577935,74657670.0820278,TENT B1,4.556228504103801
10,0.85,23,4635783.154,1.5207726032040663,HEDJ 1,hydro,485365293.41577935,74657670.0820278,TENT B1,4.556228504103801
10,0.9,0,4619197.168,1.6084310776514865,HEDJ 1,hydro,485360398.14139754,74690768.52910757,TENT B1,4.767350663626085
10,0.9,1,4461630.298,1.6084310776514865,HEDJ 1,hydro,485360398.14139754,74690768.52910757,TENT B1,4.767350663626085
10,0.9,2,4469923.292,1.6084310776514865,HEDJ 1,hydro,485360398.14139754,74690768.52910757,TENT B1,4.767350663626085
10,0.9,3,4386993.36,1.6084310776514865,HEDJ 1,hydro,485360398.14139754,74690768.52910757,TENT B1,4.767350663626085
10,0.9,4,4254305.47,1.6069319023102908,Zvornik,hydro,485360398.14139754,74690768.52910757,TENT B1,4.767350663626085
10,0.9,5,4204547.512,1.5679781001989221,HEDJ 2,hydro,485360398.14139754,74690768.52910757,TENT B1,4.767350663626085
10,0.9,6,4672900.0,1.6084310776514865,HEDJ 1,hydro,485360398.14139754,74690768.52910757,TENT B1,4.767350663626085
10,0.9,7,5038100.0,5.296351626396143,mixed,mixed,485360398.14139754,74690768.52910757,TENT B1,4.767350663626085
10,0.9,8,5071300.0,14.248929941233278,TETO NS,thermal-gas,485360398.14139754,74690768.52910757,TENT B1,4.767350663626085
10,0.9,9,5046400.0,5.941,New Solar,solar,485360398.14139754,74690768.52910757,TENT B1,4.767350663626085
10,0.9,10,5046400.0,5.941,New Solar,solar,485360398.14139754,74690768.52910757,TENT B1,4.767350663626085
10,0.9,11,5029800.0,1.6872896640037016,Vrla 1,hydro,485360398.14139754,74690768.52910757,TENT B1,4.767350663626085
10,0.9,12,4980000.0,1.6637731548942245,Vrla 3,hydro,485360398.14139754,74690768.52910757,TENT B1,4.767350663626085
10,0.9,13,4963400.0,1.650358004525879,Vrla 4,hydro,485360398.14139754,74690768.52910757,TENT B1,4.767350663626085
10,0.9,14,4921900.0,1.6359027401480617,HE Pirot,hydro,485360398.14139754,74690768.52910757,TENT B1,4.767350663626085
10,0.9,15,4921900.0,1.6359027401480617,HE Pirot,hydro,485360398.14139754,74690768.52910757,TENT B1,4.767350663626085
10,0.9,16,4921900.0,1.6359027401480617,HE Pirot,hydro,485360398.14139754,74690768.52910757,TENT B1,4.767350663626085
10,0.9,17,5096200.0,14.248929941233278,TETO NS,thermal-gas,485360398.14139754,74690768.52910757,TENT B1,4.767350663626085
10,0.9,18,5187500.0,14.248929941233278,TETO NS,thermal-gas,485360398.14139754,74690768.52910757,TENT B1,4.767350663626085
10,0.9,19,5174827.707,14.248929941233282,TETO NS,thermal-gas,485360398.14139754,74690768.52910757,TENT B1,4.767350663626085
10,0.9,20,5158241.72,14.248929941233282,TETO NS,thermal-gas,485360398.14139754,74690768.52910757,TENT B1,4.767350663626085
10,0.9,21,4967502.879,1.650358004525878,Vrla 4,hydro,485360398.14139754,74690768.52910757,TENT B1,4.767350663626085
10,0.9,22,4793350.023,1.6084310776514865,HEDJ 1,hydro,485360398.14139754,74690768.52910757,TENT B1,4.767350663626085
10,0.9,23,4635783.154,1.6084310776514865,HEDJ 1,hydro,485360398.14139754,74690768.52910757,TENT B1,4.767350663626085
10,0.95,0,4619197.168,1.6960895520989068,HEDJ 1,hydro,485360398.14139754,74690768.52910757,TENT B1,4.978472823148367
10,0.95,1,4461630.298,1.6960895520989068,HEDJ 1,hydro,485360398.14139754,74690768.52910757,TENT B1,4.978472823148367
10,0.95,2,4469923.292,1.6960895520989068,HEDJ 1,hydro,485360398.14139754,74690768.52910757,TENT B1,4.978472823148367
10,0.95,3,4386993.36,1.6960895520989068,HEDJ 1,hydro,485360398.14139754,74690768.52910757,TENT B1,4.978472823148367
10,0.95,4,4254305.47,1.6945086726516632,Zvornik,hydro,485360398.14139754,74690768.52910757,TENT B1,4.978472823148367
10,0.95,5,4204547.512,1.6534319130107766,HEDJ 2,hydro,485360398.14139754,74690768.52910757,TENT B1,4.978472823148367
10,0.95,6,4672900.0,1.6960895520989068,HEDJ 1,hydro,485360398.14139754,74690768.52910757,TENT B1,4.978472823148367
10,0.95,7,5038100.0,4.5083892304834166,mixed,mixed,485360398.14139754,74690768.52910757,TENT B1,4.978472823148367
10,0.95,8,5071300.0,15.004783861518998,TETO NS,thermal-gas,485360398.14139754,74690768.52910757,TENT B1,4.978472823148367
10,0.95,9,5046400.0,6.270499999999999,New Solar,solar,485360398.14139754,74690768.52910757,TENT B1,4.978472823148367
10,0.95,10,5046400.0,6.270499999999999,New Solar,solar,485360398.14139754,74690768.52910757,TENT B1,4.978472823148367
10,0.95,11,5029800.0,1.7792458814335612,Vrla 1,hydro,485360398.14139754,74690768.52910757,TENT B1,4.978472823148367
10,0.95,12,4980000.0,1.7544477374803469,Vrla 3,hydro,485360398.14139754,74690768.52910757,TENT B1,4.978472823148367
10,0.95,13,4963400.0,1.7403014699182906,Vrla 4,hydro,485360398.14139754,74690768.52910757,TENT B1,4.978472823148367
10,0.95,14,4921900.0,1.7250584027923779,HE Pirot,hydro,485360398.14139754,74690768.52910757,TENT B1,4.978472823148367
10,0.95,15,4921900.0,1.7250584027923779,HE Pirot,hydro,485360398.14139754,74690768.52910757,TENT B1,4.978472823148367
10,0.95,16,4921900.0,1.7250584027923779,HE Pirot,hydro,485360398.14139754,74690768.52910757,TENT B1,4.978472823148367
10,0.95,17,5096200.0,15.004783861518998,TETO NS,thermal-gas,485360398.14139754,74690768.52910757,TENT B1,4.978472823148367
10,0.95,18,5187500.0,15.004783861518998,TETO NS,thermal-gas,485360398.14139754,74690768.52910757,TENT B1,4.978472823148367
10,0.95,19,5174827.707,15.004783861518998,TETO NS,thermal-gas,485360398.14139754,74690768.52910757,TENT B1,4.978472823148367
10,0.95,20,5158241.72,15.004783861518998,TETO NS,thermal-gas,485360398.14139754,74690768.52910757,TENT B1,4.978472823148367
10,0.95,21,4967502.879,1.7403014699182906,Vrla 4,hydro,485360398.14139754,74690768.52910757,TENT B1,4.978472823148367
10,0.95,22,4793350.023,1.6960895520989068,HEDJ 1,hydro,485360398.14139754,74690768.52910757,TENT B1,4.978472823148367
10,0.95,23,4635783.154,1.6960895520989068,HEDJ 1,hydro,485360398.14139754,74690768.52910757,TENT B1,4.978472823148367
10,1.0,0,4619197.168,1.7837480265463252,HEDJ 1,hydro,485360398.14139754,74690768.52910759,TENT B1,5.189594982670651
10,1.0,1,4461630.298,1.7837480265463252,HEDJ 1,hydro,485360398.14139754,74690768.52910759,TENT B1,5.189594982670651
10,1.0,2,4469923.292,1.7837480265463252,HEDJ 1,hydro,485360398.14139754,74690768.52910759,TENT B1,5.189594982670651
10,1.0,3,4386993.36,1.7837480265463252,HEDJ 1,hydro,485360398.14139754,74690768.52910759,TENT B1,5.189594982670651
10,1.0,4,4254305.47,1.7820854429930346,Zvornik,hydro,485360398.14139754,74690768.52910759,TENT B1,5.189594982670651
10,1.0,5,4204547.512,1.738885725822633,HEDJ 2,hydro,485360398.14139754,74690768.52910759,TENT B1,5.189594982670651
10,1.0,6,4672900.0,1.7837480265463252,HEDJ 1,hydro,485360398.14139754,74690768.52910759,TENT B1,5.189594982670651
10,1.0,7,5038100.0,3.7204268345707012,mixed,mixed,485360398.14139754,74690768.52910759,TENT B1,5.189594982670651
10,1.0,8,5071300.0,15.760637781804716,TETO NS,thermal-gas,485360398.14139754,74690768.52910759,TENT B1,5.189594982670651
10,1.0,9,5046400.0,6.6,New Solar,solar,485360398.14139754,74690768.52910759,TENT B1,5.189594982670651
10,1.0,10,5046400.0,6.6,New Solar,solar,485360398.14139754,74690768.52910759,TENT B1,5.189594982670651
10,1.0,11,5029800.0,1.8712020988634208,Vrla 1,hydro,485360398.14139754,74690768.52910759,TENT B1,5.189594982670651
10,1.0,12,4980000.0,1.8451223200664701,Vrla 3,hydro,485360398.14139754,74690768.52910759,TENT B1,5.189594982670651
10,1.0,13,4963400.0,1.8302449353107013,Vrla 4,hydro,485360398.14139754,74690768.52910759,TENT B1,5.189594982670651
10,1.0,14,4921900.0,1.8142140654366958,HE Pirot,hydro,485360398.14139754,74690768.52910759,TENT B1,5.189594982670651
10,1.0,15,4921900.0,1.8142140654366958,HE Pirot,hydro,485360398.14139754,74690768.52910759,TENT B1,5.189594982670651
10,1.0,16,4921900.0,1.8142140654366958,HE Pirot,hydro,485360398.14139754,74690768.52910759,TENT B1,5.189594982670651
10,1.0,17,5096200.0,15.760637781804716,TETO NS,thermal-gas,485360398.14139754,74690768.52910759,TENT B1,5.189594982670651
10,1.0,18,5187500.0,15.760637781804716,TETO NS,thermal-gas,485360398.14139754,74690768.52910759,TENT B1,5.189594982670651
10,1.0,19,5174827.707,15.760637781804716,TETO NS,thermal-gas,485360398.14139754,74690768.52910759,TENT B1,5.189594982670651
10,1.0,20,5158241.72,15.760637781804716,TETO NS,thermal-gas,485360398.14139754,74690768.52910759,TENT B1,5.189594982670651
10,1.0,21,4967502.879,1.8302449353107013,Vrla 4,hydro,485360398.14139754,74690768.52910759,TENT B1,5.189594982670651
10,1.0,22,4793350.023,1.7837480265463252,HEDJ 1,hydro,485360398.14139754,74690768.52910759,TENT B1,5.189594982670651
10,1.0,23,4635783.154,1.7837480265463252,HEDJ 1,hydro,485360398.14139754,74690768.52910759,TENT B1,5.189594982670651
50,0.0,0,4619197.168,0.03057853759793701,HEDJ 1,hydro,494339814.0208072,71729785.28879264,TENT B1,0.9671517922249849
50,0.0,1,4461630.298,0.03057853759793701,HEDJ 1,hydro,494339814.0208072,71729785.28879264,TENT B1,0.9671517922249849
50,0.0,2,4469923.292,0.03057853759793701,HEDJ 1,hydro,494339814.0208072,71729785.28879264,TENT B1,0.9671517922249849
50,0.0,3,4386993.36,0.03057853759793701,HEDJ 1,hydro,494339814.0208072,71729785.28879264,TENT B1,0.9671517922249849
50,0.0,4,4254305.47,0.03057853759793701,HEDJ 1,hydro,494339814.0208072,71729785.28879264,TENT B1,0.9671517922249849
50,0.0,5,4204547.512,0.03057853759793701,HEDJ 1,hydro,494339814.0208072,71729785.28879264,TENT B1,0.9671517922249849
50,0.0,6,4672900.0,0.03057853759793701,HEDJ 1,hydro,494339814.0208072,71729785.28879264,TENT B1,0.9671517922249849
50,0.0,7,5038100.0,0.6435593760903592,TETO NS,thermal-gas,494339814.0208072,71729785.28879264,TENT B1,0.9671517922249849
50,0.0,8,5071300.0,0.6435593760903592,TETO NS,thermal-gas,494339814.0208072,71729785.28879264,TENT B1,0.9671517922249849
50,0.0,9,5046400.0,0.6435593760903592,TETO NS,thermal-gas,494339814.0208072,71729785.28879264,TENT B1,0.9671517922249849
50,0.0,10,5046400.0,0.6435593760903592,TETO NS,thermal-gas,494339814.0208072,71729785.28879264,TENT B1,0.9671517922249849
50,0.0,11,5029800.0,0.6435593760903592,TETO NS,thermal-gas,494339814.0208072,71729785.28879264,TENT B1,0.9671517922249849
50,0.0,12,4980000.0,0.6435593760903592,TETO NS,thermal-gas,494339814.0208072,71729785.28879264,TENT B1,0.9671517922249849
50,0.0,13,4963400.0,0.6435593760903592,TETO NS,thermal-gas,494339814.0208072,71729785.28879264,TENT B1,0.9671517922249849
50,0.0,14,4921900.0,0.03207775026623007,Vrla 1,hydro,494339814.0208072,71729785.28879264,TENT B1,0.9671517922249849
50,0.0,15,4921900.0,0.03207775026623007,Vrla 1,hydro,494339814.0208072,71729785.28879264,TENT B1,0.9671517922249849
50,0.0,16,4921900.0,0.03207775026623007,Vrla 1,hydro,494339814.0208072,71729785.28879264,TENT B1,0.9671517922249849
50,0.0,17,5096200.0,0.6435593760903592,TETO NS,thermal-gas,494339814.0208072,71729785.28879264,TENT B1,0.9671517922249849
50,0.0,18,5187500.0,15.761049787225549,mixed,mixed,494339814.0208072,71729785.28879264,TENT B1,0.9671517922249849
50,0.0,19,5174827.707,0.6435593760903593,TETO NS,thermal-gas,494339814.0208072,71729785.28879264,TENT B1,0.9671517922249849
50,0.0,20,5158241.72,0.6435593760903593,TETO NS,thermal-gas,494339814.0208072,71729785.28879264,TENT B1,0.9671517922249849
50,0.0,21,4967502.879,0.6435593760903593,TETO NS,thermal-gas,494339814.0208072,71729785.28879264,TENT B1,0.9671517922249849
50,0.0,22,4793350.023,0.03057853759793701,HEDJ 1,hydro,494339814.0208072,71729785.28879264,TENT B1,0.9671517922249849
50,0.0,23,4635783.154,0.03057853759793701,HEDJ 1,hydro,494339814.0208072,71729785.28879264,TENT B1,0.9671517922249849
50,0.05,0,4619197.168,0.11823701204535644,HEDJ 1,hydro,492043019.8384548,71730527.8748031,TENT B1,1.178273951747268
50,0.05,1,4461630.298,0.11823701204535644,HEDJ 1,hydro,492043019.8384548,71730527.8748031,TENT B1,1.178273951747268
50,0.05,2,4469923.292,0.11823701204535644,HEDJ 1,hydro,492043019.8384548,71730527.8748031,TENT B1,1.178273951747268
50,0.05,3,4386993.36,0.11823701204535644,HEDJ 1,hydro,492043019.8384548,71730527.8748031,TENT B1,1.178273951747268
50,0.05,4,4254305.47,0.11823701204535644,HEDJ 1,hydro,492043019.8384548,71730527.8748031,TENT B1,1.178273951747268
50,0.05,5,4204547.512,0.11823701204535644,HEDJ 1,hydro,492043019.8384548,71730527.8748031,TENT B1,1.178273951747268
50,0.05,6,4672900.0,0.11823701204535644,HEDJ 1,hydro,492043019.8384548,71730527.8748031,TENT B1,1.178273951747268
50,0.05,7,5038100.0,1.3994132963760775,TETO NS,thermal-gas,492043019.8384548,71730527.8748031,TENT B1,1.178273951747268
50,0.05,8,5071300.0,1.3994132963760775,TETO NS,thermal-gas,492043019.8384548,71730527.8748031,TENT B1,1.178273951747268
50,0.05,9,5046400.0,1.3994132963760775,TETO NS,thermal-gas,492043019.8384548,71730527.8748031,TENT B1,1.178273951747268
50,0.05,10,5046400.0,1.3994132963760775,TETO NS,thermal-gas,492043019.8384548,71730527.8748031,TENT B1,1.178273951747268
50,0.05,11,5029800.0,1.3994132963760775,TETO NS,thermal-gas,492043019.8384548,71730527.8748031,TENT B1,1.178273951747268
50,0.05,12,4980000.0,1.3994132963760775,TETO NS,thermal-gas,492043019.8384548,71730527.8748031,TENT B1,1.178273951747268
50,0.05,13,4963400.0,1.3994132963760775,TETO NS,thermal-gas,492043019.8384548,71730527.8748031,TENT B1,1.178273951747268
50,0.05,14,4921900.0,0.3395,New Solar,solar,492043019.8384548,71730527.8748031,TENT B1,1.178273951747268
50,0.05,15,4921900.0,0.3395,New Solar,solar,492043019.8384548,71730527.8748031,TENT B1,1.178273951747268
50,0.05,16,4921900.0,0.3395,New Solar,solar,492043019.8384548,71730527.8748031,TENT B1,1.178273951747268
50,0.05,17,5096200.0,1.3994132963760775,TETO NS,thermal-gas,492043019.8384548,71730527.8748031,TENT B1,1.178273951747268
50,0.05,18,5187500.0,10.800376010240075,mixed,mixed,492043019.8384548,71730527.8748031,TENT B1,1.178273951747268
50,0.05,19,5174827.707,1.3994132963760775,TETO NS,thermal-gas,492043019.8384548,71730527.8748031,TENT B1,1.178273951747268
50,0.05,20,5158241.72,1.3994132963760775,TETO NS,thermal-gas,492043019.8384548,71730527.8748031,TENT B1,1.178273951747268
50,0.05,21,4967502.879,1.3994132963760775,TETO NS,thermal-gas,492043019.8384548,71730527.8748031,TENT B1,1.178273951747268
50,0.05,22,4793350.023,0.12025647519466098,HE Pirot,hydro,492043019.8384548,71730527.8748031,TENT B1,1.178273951747268
50,0.05,23,4635783.154,0.11823701204535644,HEDJ 1,hydro,492043019.8384548,71730527.8748031,TENT B1,1.178273951747268
50,0.1,0,4619197.168,0.20589548649277584,HEDJ 1,hydro,492043019.8384548,71730527.8748031,TENT B1,1.3893961112695514
50,0.1,1,4461630.298,0.20589548649277584,HEDJ 1,hydro,492043019.8384548,71730527.8748031,TENT B1,1.3893961112695514
50,0.1,2,4469923.292,0.20589548649277584,HEDJ 1,hydro,492043019.8384548,71730527.8748031,TENT B1,1.3893961112695514
50,0.1,3,4386993.36,0.20589548649277584,HEDJ 1,hydro,492043019.8384548,71730527.8748031,TENT B1,1.3893961112695514
50,0.1,4,4254305.47,0.20589548649277584,HEDJ 1,hydro,492043019.8384548,71730527.8748031,TENT B1,1.3893961112695514
50,0.1,5,4204547.512,0.20589548649277584,HEDJ 1,hydro,492043019.8384548,71730527.8748031,TENT B1,1.3893961112695514
50,0.1,6,4672900.0,0.20589548649277584,HEDJ 1,hydro,492043019.8384548,71730527.8748031,TENT B1,1.3893961112695514
50,0.1,7,5038100.0,2.1552672166617954,TETO NS,thermal-gas,492043019.8384548,71730527.8748031,TENT B1,1.3893961112695514
50,0.1,8,5071300.0,2.1552672166617954,TETO NS,thermal-gas,492043019.8384548,71730527.8748031,TENT B1,1.3893961112695514
50,0.1,9,5046400.0,2.1552672166617954,TETO NS,thermal-gas,492043019.8384548,71730527.8748031,TENT B1,1.3893961112695514
50,0.1,10,5046400.0,2.1552672166617954,TETO NS,thermal-gas,492043019.8384548,71730527.8748031,TENT B1,1.3893961112695514
50,0.1,11,5029800.0,2.1552672166617954,TETO NS,thermal-gas,492043019.8384548,71730527.8748031,TENT B1,1.3893961112695514
50,0.1,12,4980000.0,2.1552672166617954,TETO NS,thermal-gas,492043019.8384548,71730527.8748031,TENT B1,1.3893961112695514
50,0.1,13,4963400.0,2.1552672166617954,TETO NS,thermal-gas,492043019.8384548,71730527.8748031,TENT B1,1.3893961112695514
50,0.1,14,4921900.0,0.669,New Solar,solar,492043019.8384548,71730527.8748031,TENT B1,1.3893961112695514
50,0.1,15,4921900.0,0.669,New Solar,solar,492043019.8384548,71730527.8748031,TENT B1,1.3893961112695514
50,0.1,16,4921900.0,0.669,New Solar,solar,492043019.8384548,71730527.8748031,TENT B1,1.3893961112695514
50,0.1,17,5096200.0,2.1552672166617954,TETO NS,thermal-gas,492043019.8384548,71730527.8748031,TENT B1,1.3893961112695514
50,0.1,18,5187500.0,5.773991257408298,mixed,mixed,492043019.8384548,71730527.8748031,TENT B1,1.3893961112695514
50,0.1,19,5174827.707,2.155267216661795,TETO NS,thermal-gas,492043019.8384548,71730527.8748031,TENT B1,1.3893961112695514
50,0.1,20,5158241.72,2.155267216661795,TETO NS,thermal-gas,492043019.8384548,71730527.8748031,TENT B1,1.3893961112695514
50,0.1,21,4967502.879,2.155267216661795,TETO NS,thermal-gas,492043019.8384548,71730527.8748031,TENT B1,1.3893961112695514
50,0.1,22,4793350.023,0.2094121378389786,HE Pirot,hydro,492043019.8384548,71730527.8748031,TENT B1,1.3893961112695514
50,0.1,23,4635783.154,0.20589548649277584,HEDJ 1,hydro,492043019.8384548,71730527.8748031,TENT B1,1.3893961112695514
50,0.15,0,4619197.168,0.29355396094019526,HEDJ 1,hydro,488244508.1374241,72311813.06924269,TENT B1,1.6005182707918346
50,0.15,1,4461630.298,0.29355396094019526,HEDJ 1,hydro,488244508.1374241,72311813.06924269,TENT B1,1.6005182707918346
50,0.15,2,4469923.292,0.29355396094019526,HEDJ 1,hydro,488244508.1374241,72311813.06924269,TENT B1,1.6005182707918346
50,0.15,3,4386993.36,0.29355396094019526,HEDJ 1,hydro,488244508.1374241,72311813.06924269,TENT B1,1.6005182707918346
50,0.15,4,4254305.47,0.29355396094019526,HEDJ 1,hydro,488244508.1374241,72311813.06924269,TENT B1,1.6005182707918346
50,0.15,5,4204547.512,0.29355396094019526,HEDJ 1,hydro,488244508.1374241,72311813.06924269,TENT B1,1.6005182707918346
50,0.15,6,4672900.0,0.29355396094019526,HEDJ 1,hydro,488244508.1374241,72311813.06924269,TENT B1,1.6005182707918346
50,0.15,7,5038100.0,2.9111211369475125,TETO NS,thermal-gas,488244508.1374241,72311813.06924269,TENT B1,1.6005182707918346
50,0.15,8,5071300.0,2.9111211369475125,TETO NS,thermal-gas,488244508.1374241,72311813.06924269,TENT B1,1.6005182707918346
50,0.15,9,5046400.0,2.9111211369475125,TETO NS,thermal-gas,488244508.1374241,72311813.06924269,TENT B1,1.6005182707918346
50,0.15,10,5046400.0,2.9111211369475125,TETO NS,thermal-gas,488244508.1374241,72311813.06924269,TENT B1,1.6005182707918346
50,0.15,11,5029800.0,2.9111211369475125,TETO NS,thermal-gas,488244508.1374241,72311813.06924269,TENT B1,1.6005182707918346
50,0.15,12,4980000.0,2.9111211369475125,TETO NS,thermal-gas,488244508.1374241,72311813.06924269,TENT B1,1.6005182707918346
50,0.15,13,4963400.0,1.2594951389048084,Solarna Elektrana,solar,488244508.1374241,72311813.06924269,TENT B1,1.6005182707918346
50,0.15,14,4921900.0,0.9984999999999999,New Solar,solar,488244508.1374241,72311813.06924269,TENT B1,1.6005182707918346
50,0.15,15,4921900.0,0.9984999999999999,New Solar,solar,488244508.1374241,72311813.06924269,TENT B1,1.6005182707918346
50,0.15,16,4921900.0,0.9984999999999999,New Solar,solar,488244508.1374241,72311813.06924269,TENT B1,1.6005182707918346
50,0.15,17,5096200.0,2.9111211369475125,TETO NS,thermal-gas,488244508.1374241,72311813.06924269,TENT B1,1.6005182707918346
50,0.15,18,5187500.0,2.9111211369475125,TETO NS,thermal-gas,488244508.1374241,72311813.06924269,TENT B1,1.6005182707918346
50,0.15,19,5174827.707,2.911121136947513,TETO NS,thermal-gas,488244508.1374241,72311813.06924269,TENT B1,1.6005182707918346
50,0.15,20,5158241.72,2.911121136947513,TETO NS,thermal-gas,488244508.1374241,72311813.06924269,TENT B1,1.6005182707918346
50,0.15,21,4967502.879,2.3992325026192383,mixed,mixed,488244508.1374241,72311813.06924269,TENT B1,1.6005182707918346
50,0.15,22,4793350.023,0.29856780048329634,HE Pirot,hydro,488244508.1374241,72311813.06924269,TENT B1,1.6005182707918346
50,0.15,23,4635783.154,0.29355396094019526,HEDJ 1,hydro,488244508.1374241,72311813.06924269,TENT B1,1.6005182707918346
50,0.2,0,4619197.168,0.38121243538761485,HEDJ 1,hydro,487256255.1227596,72516887.20395684,TENT B1,1.811640430314118
50,0.2,1,4461630.298,0.38121243538761485,HEDJ 1,hydro,487256255.1227596,72516887.20395684,TENT B1,1.811640430314118
50,0.2,2,4469923.292,0.38121243538761485,HEDJ 1,hydro,487256255.1227596,72516887.20395684,TENT B1,1.811640430314118
50,0.2,3,4386993.36,0.38121243538761485,HEDJ 1,hydro,487256255.1227596,72516887.20395684,TENT B1,1.811640430314118
50,0.2,4,4254305.47,0.38121243538761485,HEDJ 1,hydro,487256255.1227596,72516887.20395684,TENT B1,1.811640430314118
50,0.2,5,4204547.512,0.38121243538761485,HEDJ 1,hydro,487256255.1227596,72516887.20395684,TENT B1,1.811640430314118
50,0.2,6,4672900.0,0.38121243538761485,HEDJ 1,hydro,487256255.1227596,72516887.20395684,TENT B1,1.811640430314118
50,0.2,7,5038100.0,3.6669750572332314,TETO NS,thermal-gas,487256255.1227596,72516887.20395684,TENT B1,1.811640430314118
50,0.2,8,5071300.0,3.6669750572332314,TETO NS,thermal-gas,487256255.1227596,72516887.20395684,TENT B1,1.811640430314118
50,0.2,9,5046400.0,3.6669750572332314,TETO NS,thermal-gas,487256255.1227596,72516887.20395684,TENT B1,1.811640430314118
50,0.2,10,5046400.0,3.6669750572332314,TETO NS,thermal-gas,487256255.1227596,72516887.20395684,TENT B1,1.811640430314118
50,0.2,11,5029800.0,3.6669750572332314,TETO NS,thermal-gas,487256255.1227596,72516887.20395684,TENT B1,1.811640430314118
50,0.2,12,4980000.0,3.1739750339942243,mixed,mixed,487256255.1227596,72516887.20395684,TENT B1,1.811640430314118
50,0.2,13,4963400.0,1.328,New Solar,solar,487256255.1227596,72516887.20395684,TENT B1,1.811640430314118
50,0.2,14,4921900.0,0.39990261998566823,Vrla 1,hydro,487256255.1227596,72516887.20395684,TENT B1,1.811640430314118
50,0.2,15,4921900.0,0.39990261998566823,Vrla 1,hydro,487256255.1227596,72516887.20395684,TENT B1,1.811640430314118
50,0.2,16,4921900.0,0.39990261998566823,Vrla 1,hydro,487256255.1227596,72516887.20395684,TENT B1,1.811640430314118
50,0.2,17,5096200.0,3.6669750572332314,TETO NS,thermal-gas,487256255.1227596,72516887.20395684,TENT B1,1.811640430314118
50,0.2,18,5187500.0,3.6669750572332314,TETO NS,thermal-gas,487256255.1227596,72516887.20395684,TENT B1,1.811640430314118
50,0.2,19,5174827.707,3.6669750572332314,TETO NS,thermal-gas,487256255.1227596,72516887.20395684,TENT B1,1.811640430314118
50,0.2,20,5158241.72,3.6669750572332314,TETO NS,thermal-gas,487256255.1227596,72516887.20395684,TENT B1,1.811640430314118
50,0.2,21,4967502.879,1.344,New Solar,solar,487256255.1227596,72516887.20395684,TENT B1,1.811640430314118
50,0.2,22,4793350.023,0.38121243538761485,HEDJ 1,hydro,487256255.1227596,72516887.20395684,TENT B1,1.811640430314118
50,0.2,23,4635783.154,0.38121243538761485,HEDJ 1,hydro,487256255.1227596,72516887.20395684,TENT B1,1.811640430314118
50,0.25,0,4619197.168,0.4688709098350341,HEDJ 1,hydro,484784773.406345,73235129.57636908,TENT B1,2.0227625898364012
50,0.25,1,4461630.298,0.4688709098350341,HEDJ 1,hydro,484784773.406345,73235129.57636908,TENT B1,2.0227625898364012
50,0.25,2,4469923.292,0.4688709098350341,HEDJ 1,hydro,484784773.406345,73235129.57636908,TENT B1,2.0227625898364012
50,0.25,3,4386993.36,0.4688709098350341,HEDJ 1,hydro,484784773.406345,73235129.57636908,TENT B1,2.0227625898364012
50,0.25,4,4254305.47,0.4688709098350341,HEDJ 1,hydro,484784773.406345,73235129.57636908,TENT B1,2.0227625898364012
50,0.25,5,4204547.512,0.4688709098350341,HEDJ 1,hydro,484784773.406345,73235129.57636908,TENT B1,2.0227625898364012
50,0.25,6,4672900.0,0.4688709098350341,HEDJ 1,hydro,484784773.406345,73235129.57636908,TENT B1,2.0227625898364012
50,0.25,7,5038100.0,4.422828977518948,TETO NS,thermal-gas,484784773.406345,73235129.57636908,TENT B1,2.0227625898364012
50,0.25,8,5071300.0,4.422828977518948,TETO NS,thermal-gas,484784773.406345,73235129.57636908,TENT B1,2.0227625898364012
50,0.25,9,5046400.0,4.422828977518948,TETO NS,thermal-gas,484784773.406345,73235129.57636908,TENT B1,2.0227625898364012
50,0.25,10,5046400.0,4.422828977518948,TETO NS,thermal-gas,484784773.406345,73235129.57636908,TENT B1,2.0227625898364012
50,0.25,11,5029800.0,4.422828977518948,TETO NS,thermal-gas,484784773.406345,73235129.57636908,TENT B1,2.0227625898364012
50,0.25,12,4980000.0,1.6575,New Solar,solar,484784773.406345,73235129.57636908,TENT B1,2.0227625898364012
50,0.25,13,4963400.0,0.4918588374155277,Vrla 1,hydro,484784773.406345,73235129.57636908,TENT B1,2.0227625898364012
50,0.25,14,4921900.0,0.4850035812746154,Vrla 3,hydro,484784773.406345,73235129.57636908,TENT B1,2.0227625898364012
50,0.25,15,4921900.0,0.4850035812746154,Vrla 3,hydro,484784773.406345,73235129.57636908,TENT B1,2.0227625898364012
50,0.25,16,4921900.0,0.4850035812746154,Vrla 3,hydro,484784773.406345,73235129.57636908,TENT B1,2.0227625898364012
50,0.25,17,5096200.0,4.422828977518948,TETO NS,thermal-gas,484784773.406345,73235129.57636908,TENT B1,2.0227625898364012
50,0.25,18,5187500.0,4.422828977518948,TETO NS,thermal-gas,484784773.406345,73235129.57636908,TENT B1,2.0227625898364012
50,0.25,19,5174827.707,4.422828977518948,TETO NS,thermal-gas,484784773.406345,73235129.57636908,TENT B1,2.0227625898364012
50,0.25,20,5158241.72,4.422828977518948,TETO NS,thermal-gas,484784773.406345,73235129.57636908,TENT B1,2.0227625898364012
50,0.25,21,4967502.879,0.9166335886484176,mixed,mixed,484784773.406345,73235129.57636908,TENT B1,2.0227625898364012
50,0.25,22,4793350.023,0.4688709098350341,HEDJ 1,hydro,484784773.406345,73235129.57636908,TENT B1,2.0227625898364012
50,0.25,23,4635783.154,0.4688709098350341,HEDJ 1,hydro,484784773.406345,73235129.57636908,TENT B1,2.0227625898364012
50,0.3,0,4619197.168,0.5565293842824537,HEDJ 1,hydro,484214799.0900047,73446878.88870373,TENT B1,2.2338847493586846
50,0.3,1,4461630.298,0.5565293842824537,HEDJ 1,hydro,484214799.0900047,73446878.88870373,TENT B1,2.2338847493586846
50,0.3,2,4469923.292,0.5565293842824537,HEDJ 1,hydro,484214799.0900047,73446878.88870373,TENT B1,2.2338847493586846
50,0.3,3,4386993.36,0.5565293842824537,HEDJ 1,hydro,484214799.0900047,73446878.88870373,TENT B1,2.2338847493586846
50,0.3,4,4254305.47,0.5565293842824537,HEDJ 1,hydro,484214799.0900047,73446878.88870373,TENT B1,2.2338847493586846
50,0.3,5,4204547.512,0.5560106582138267,Zvornik,hydro,484214799.0900047,73446878.88870373,TENT B1,2.2338847493586846
50,0.3,6,4672900.0,0.5565293842824537,HEDJ 1,hydro,484214799.0900047,73446878.88870373,TENT B1,2.2338847493586846
50,0.3,7,5038100.0,5.178682897804666,TETO NS,thermal-gas,484214799.0900047,73446878.88870373,TENT B1,2.2338847493586846
50,0.3,8,5071300.0,5.178682897804666,TETO NS,thermal-gas,484214799.0900047,73446878.88870373,TENT B1,2.2338847493586846
50,0.3,9,5046400.0,5.178682897804666,TETO NS,thermal-gas,484214799.0900047,73446878.88870373,TENT B1,2.2338847493586846
50,0.3,10,5046400.0,5.178682897804666,TETO NS,thermal-gas,484214799.0900047,73446878.88870373,TENT B1,2.2338847493586846
50,0.3,11,5029800.0,2.293860468424653,mixed,mixed,484214799.0900047,73446878.88870373,TENT B1,2.2338847493586846
50,0.3,12,4980000.0,1.9869999999999999,New Solar,solar,484214799.0900047,73446878.88870373,TENT B1,2.2338847493586846
50,0.3,13,4963400.0,0.5838150548453873,Vrla 1,hydro,484214799.0900047,73446878.88870373,TENT B1,2.2338847493586846
50,0.3,14,4921900.0,0.5756781638607391,Vrla 3,hydro,484214799.0900047,73446878.88870373,TENT B1,2.2338847493586846
50,0.3,15,4921900.0,0.5756781638607391,Vrla 3,hydro,484214799.0900047,73446878.88870373,TENT B1,2.2338847493586846
50,0.3,16,4921900.0,0.5756781638607391,Vrla 3,hydro,484214799.0900047,73446878.88870373,TENT B1,2.2338847493586846
50,0.3,17,5096200.0,5.178682897804666,TETO NS,thermal-gas,484214799.0900047,73446878.88870373,TENT B1,2.2338847493586846
50,0.3,18,5187500.0,5.178682897804666,TETO NS,thermal-gas,484214799.0900047,73446878.88870373,TENT B1,2.2338847493586846
50,0.3,19,5174827.707,5.1786828978046655,TETO NS,thermal-gas,484214799.0900047,73446878.88870373,TENT B1,2.2338847493586846
50,0.3,20,5158241.72,5.1786828978046655,TETO NS,thermal-gas,484214799.0900047,73446878.88870373,TENT B1,2.2338847493586846
50,0.3,21,4967502.879,0.5838150548453873,Vrla 1,hydro,484214799.0900047,73446878.88870373,TENT B1,2.2338847493586846
50,0.3,22,4793350.023,0.5565293842824537,HEDJ 1,hydro,484214799.0900047,73446878.88870373,TENT B1,2.2338847493586846
50,0.3,23,4635783.154,0.5565293842824537,HEDJ 1,hydro,484214799.0900047,73446878.88870373,TENT B1,2.2338847493586846
50,0.35,0,4619197.168,0.644187858729873,HEDJ 1,hydro,484088646.62089115,73509199.40682344,TENT B1,2.445006908880968
50,0.35,1,4461630.298,0.644187858729873,HEDJ 1,hydro,484088646.62089115,73509199.40682344,TENT B1,2.445006908880968
50,0.35,2,4469923.292,0.644187858729873,HEDJ 1,hydro,484088646.62089115,73509199.40682344,TENT B1,2.445006908880968
50,0.35,3,4386993.36,0.644187858729873,HEDJ 1,hydro,484088646.62089115,73509199.40682344,TENT B1,2.445006908880968
50,0.35,4,4254305.47,0.644187858729873,HEDJ 1,hydro,484088646.62089115,73509199.40682344,TENT B1,2.445006908880968
50,0.35,5,4204547.512,0.6435874285551988,Zvornik,hydro,484088646.62089115,73509199.40682344,TENT B1,2.445006908880968
50,0.35,6,4672900.0,0.644187858729873,HEDJ 1,hydro,484088646.62089115,73509199.40682344,TENT B1,2.445006908880968
50,0.35,7,5038100.0,4.998445731950033,mixed,mixed,484088646.62089115,73509199.40682344,TENT B1,2.445006908880968
50,0.35,8,5071300.0,5.9345368180903835,TETO NS,thermal-gas,484088646.62089115,73509199.40682344,TENT B1,2.445006908880968
50,0.35,9,5046400.0,5.9345368180903835,TETO NS,thermal-gas,484088646.62089115,73509199.40682344,TENT B1,2.445006908880968
50,0.35,10,5046400.0,5.9345368180903835,TETO NS,thermal-gas,484088646.62089115,73509199.40682344,TENT B1,2.445006908880968
50,0.35,11,5029800.0,2.3164999999999996,New Solar,solar,484088646.62089115,73509199.40682344,TENT B1,2.445006908880968
50,0.35,12,4980000.0,0.6757712722752467,Vrla 1,hydro,484088646.62089115,73509199.40682344,TENT B1,2.445006908880968
50,0.35,13,4963400.0,0.6757712722752467,Vrla 1,hydro,484088646.62089115,73509199.40682344,TENT B1,2.445006908880968
50,0.35,14,4921900.0,0.6663527464468626,Vrla 3,hydro,484088646.62089115,73509199.40682344,TENT B1,2.445006908880968
50,0.35,15,4921900.0,0.6663527464468626,Vrla 3,hydro,484088646.62089115,73509199.40682344,TENT B1,2.445006908880968
50,0.35,16,4921900.0,0.6663527464468626,Vrla 3,hydro,484088646.62089115,73509199.40682344,TENT B1,2.445006908880968
50,0.35,17,5096200.0,5.9345368180903835,TETO NS,thermal-gas,484088646.62089115,73509199.40682344,TENT B1,2.445006908880968
50,0.35,18,5187500.0,5.9345368180903835,TETO NS,thermal-gas,484088646.62089115,73509199.40682344,TENT B1,2.445006908880968
50,0.35,19,5174827.707,5.934536818090383,TETO NS,thermal-gas,484088646.62089115,73509199.40682344,TENT B1,2.445006908880968
50,0.35,20,5158241.72,5.934536818090383,TETO NS,thermal-gas,484088646.62089115,73509199.40682344,TENT B1,2.445006908880968
50,0.35,21,4967502.879,0.6757712722752467,Vrla 1,hydro,484088646.62089115,73509199.40682344,TENT B1,2.445006908880968
50,0.35,22,4793350.023,0.644187858729873,HEDJ 1,hydro,484088646.62089115,73509199.40682344,TENT B1,2.445006908880968
50,0.35,23,4635783.154,0.644187858729873,HEDJ 1,hydro,484088646.62089115,73509199.40682344,TENT B1,2.445006908880968
50,0.4,0,4619197.168,0.7318463331772924,HEDJ 1,hydro,483956135.32083017,73595858.93229693,TENT B1,2.6561290684032515
50,0.4,1,4461630.298,0.7318463331772924,HEDJ 1,hydro,483956135.32083017,73595858.93229693,TENT B1,2.6561290684032515
50,0.4,2,4469923.292,0.7318463331772924,HEDJ 1,hydro,483956135.32083017,73595858.93229693,TENT B1,2.6561290684032515
50,0.4,3,4386993.36,0.7318463331772924,HEDJ 1,hydro,483956135.32083017,73595858.93229693,TENT B1,2.6561290684032515
50,0.4,4,4254305.47,0.7318463331772924,HEDJ 1,hydro,483956135.32083017,73595858.93229693,TENT B1,2.6561290684032515
50,0.4,5,4204547.512,0.7311641988965711,Zvornik,hydro,483956135.32083017,73595858.93229693,TENT B1,2.6561290684032515
50,0.4,6,4672900.0,0.7318463331772924,HEDJ 1,hydro,483956135.32083017,73595858.93229693,TENT B1,2.6561290684032515
50,0.4,7,5038100.0,3.1264750878098027,mixed,mixed,483956135.32083017,73595858.93229693,TENT B1,2.6561290684032515
50,0.4,8,5071300.0,6.690390738376102,TETO NS,thermal-gas,483956135.32083017,73595858.93229693,TENT B1,2.6561290684032515
50,0.4,9,5046400.0,6.690390738376102,TETO NS,thermal-gas,483956135.32083017,73595858.93229693,TENT B1,2.6561290684032515
50,0.4,10,5046400.0,6.690390738376102,TETO NS,thermal-gas,483956135.32083017,73595858.93229693,TENT B1,2.6561290684032515
50,0.4,11,5029800.0,2.646,New Solar,solar,483956135.32083017,73595858.93229693,TENT B1,2.6561290684032515
50,0.4,12,4980000.0,0.7677274897051063,Vrla 1,hydro,483956135.32083017,73595858.93229693,TENT B1,2.6561290684032515
50,0.4,13,4963400.0,0.7677274897051063,Vrla 1,hydro,483956135.32083017,73595858.93229693,TENT B1,2.6561290684032515
50,0.4,14,4921900.0,0.7509233506017625,Vrla 4,hydro,483956135.32083017,73595858.93229693,TENT B1,2.6561290684032515
50,0.4,15,4921900.0,0.7509233506017625,Vrla 4,hydro,483956135.32083017,73595858.93229693,TENT B1,2.6561290684032515
50,0.4,16,4921900.0,0.7509233506017625,Vrla 4,hydro,483956135.32083017,73595858.93229693,TENT B1,2.6561290684032515
50,0.4,17,5096200.0,6.690390738376102,TETO NS,thermal-gas,483956135.32083017,73595858.93229693,TENT B1,2.6561290684032515
50,0.4,18,5187500.0,6.690390738376102,TETO NS,thermal-gas,483956135.32083017,73595858.93229693,TENT B1,2.6561290684032515
50,0.4,19,5174827.707,6.690390738376102,TETO NS,thermal-gas,483956135.32083017,73595858.93229693,TENT B1,2.6561290684032515
50,0.4,20,5158241.72,6.690390738376102,TETO NS,thermal-gas,483956135.32083017,73595858.93229693,TENT B1,2.6561290684032515
50,0.4,21,4967502.879,0.7677274897051065,Vrla 1,hydro,483956135.32083017,73595858.93229693,TENT B1,2.6561290684032515
50,0.4,22,4793350.023,0.7318463331772924,HEDJ 1,hydro,483956135.32083017,73595858.93229693,TENT B1,2.6561290684032515
50,0.4,23,4635783.154,0.7318463331772924,HEDJ 1,hydro,483956135.32083017,73595858.93229693,TENT B1,2.6561290684032515
50,0.45,0,4619197.168,0.8195048076247118,HEDJ 1,hydro,483863545.940463,73660422.65727365,TENT B1,2.8672512279255344
50,0.45,1,4461630.298,0.8195048076247118,HEDJ 1,hydro,483863545.940463,73660422.65727365,TENT B1,2.8672512279255344
50,0.45,2,4469923.292,0.8195048076247118,HEDJ 1,hydro,483863545.940463,73660422.65727365,TENT B1,2.8672512279255344
50,0.45,3,4386993.36,0.8195048076247118,HEDJ 1,hydro,483863545.940463,73660422.65727365,TENT B1,2.8672512279255344
50,0.45,4,4254305.47,0.8195048076247118,HEDJ 1,hydro,483863545.940463,73660422.65727365,TENT B1,2.8672512279255344
50,0.45,5,4204547.512,0.8187409692379433,Zvornik,hydro,483863545.940463,73660422.65727365,TENT B1,2.8672512279255344
50,0.45,6,4672900.0,0.8195048076247118,HEDJ 1,hydro,483863545.940463,73660422.65727365,TENT B1,2.8672512279255344
50,0.45,7,5038100.0,2.9755,New Solar,solar,483863545.940463,73660422.65727365,TENT B1,2.8672512279255344
50,0.45,8,5071300.0,7.44624465866182,TETO NS,thermal-gas,483863545.940463,73660422.65727365,TENT B1,2.8672512279255344
50,0.45,9,5046400.0,5.7091305186188475,mixed,mixed,483863545.940463,73660422.65727365,TENT B1,2.8672512279255344
50,0.45,10,5046400.0,7.44624465866182,TETO NS,thermal-gas,483863545.940463,73660422.65727365,TENT B1,2.8672512279255344
50,0.45,11,5029800.0,2.9755,New Solar,solar,483863545.940463,73660422.65727365,TENT B1,2.8672512279255344
50,0.45,12,4980000.0,0.8596837071349657,Vrla 1,hydro,483863545.940463,73660422.65727365,TENT B1,2.8672512279255344
50,0.45,13,4963400.0,0.8596837071349657,Vrla 1,hydro,483863545.940463,73660422.65727365,TENT B1,2.8672512279255344
50,0.45,14,4921900.0,0.8408668159941741,Vrla 4,hydro,483863545.940463,73660422.65727365,TENT B1,2.8672512279255344
50,0.45,15,4921900.0,0.8408668159941741,Vrla 4,hydro,483863545.940463,73660422.65727365,TENT B1,2.8672512279255344
50,0.45,16,4921900.0,0.8408668159941741,Vrla 4,hydro,483863545.940463,73660422.65727365,TENT B1,2.8672512279255344
50,0.45,17,5096200.0,7.44624465866182,TETO NS,thermal-gas,483863545.940463,73660422.65727365,TENT B1,2.8672512279255344
50,0.45,18,5187500.0,7.44624465866182,TETO NS,thermal-gas,483863545.940463,73660422.65727365,TENT B1,2.8672512279255344
50,0.45,19,5174827.707,7.44624465866182,TETO NS,thermal-gas,483863545.940463,73660422.65727365,TENT B1,2.8672512279255344
50,0.45,20,5158241.72,7.44624465866182,TETO NS,thermal-gas,483863545.940463,73660422.65727365,TENT B1,2.8672512279255344
50,0.45,21,4967502.879,0.8596837071349661,Vrla 1,hydro,483863545.940463,73660422.65727365,TENT B1,2.8672512279255344
50,0.45,22,4793350.023,0.8195048076247118,HEDJ 1,hydro,483863545.940463,73660422.65727365,TENT B1,2.8672512279255344
50,0.45,23,4635783.154,0.8195048076247118,HEDJ 1,hydro,483863545.940463,73660422.65727365,TENT B1,2.8672512279255344
50,0.5,0,4619197.168,0.9071632820721311,HEDJ 1,hydro,483863545.940463,73660422.65727365,TENT B1,3.0783733874478183
50,0.5,1,4461630.298,0.9071632820721311,HEDJ 1,hydro,483863545.940463,73660422.65727365,TENT B1,3.0783733874478183
50,0.5,2,4469923.292,0.9071632820721311,HEDJ 1,hydro,483863545.940463,73660422.65727365,TENT B1,3.0783733874478183
50,0.5,3,4386993.36,0.9071632820721311,HEDJ 1,hydro,483863545.940463,73660422.65727365,TENT B1,3.0783733874478183
50,0.5,4,4254305.47,0.9071632820721311,HEDJ 1,hydro,483863545.940463,73660422.65727365,TENT B1,3.0783733874478183
50,0.5,5,4204547.512,0.9063177395793152,Zvornik,hydro,483863545.940463,73660422.65727365,TENT B1,3.0783733874478183
50,0.5,6,4672900.0,0.9071632820721311,HEDJ 1,hydro,483863545.940463,73660422.65727365,TENT B1,3.0783733874478183
50,0.5,7,5038100.0,3.3049999999999997,New Solar,solar,483863545.940463,73660422.65727365,TENT B1,3.0783733874478183
50,0.5,8,5071300.0,8.202098578947538,TETO NS,thermal-gas,483863545.940463,73660422.65727365,TENT B1,3.0783733874478183
50,0.5,9,5046400.0,4.247395211051808,mixed,mixed,483863545.940463,73660422.65727365,TENT B1,3.0783733874478183
50,0.5,10,5046400.0,8.202098578947538,TETO NS,thermal-gas,483863545.940463,73660422.65727365,TENT B1,3.0783733874478183
50,0.5,11,5029800.0,3.3049999999999997,New Solar,solar,483863545.940463,73660422.65727365,TENT B1,3.0783733874478183
50,0.5,12,4980000.0,0.9516399245648257,Vrla 1,hydro,483863545.940463,73660422.65727365,TENT B1,3.0783733874478183
50,0.5,13,4963400.0,0.9516399245648257,Vrla 1,hydro,483863545.940463,73660422.65727365,TENT B1,3.0783733874478183
50,0.5,14,4921900.0,0.9308102813865857,Vrla 4,hydro,483863545.940463,73660422.65727365,TENT B1,3.0783733874478183
50,0.5,15,4921900.0,0.9308102813865857,Vrla 4,hydro,483863545.940463,73660422.65727365,TENT B1,3.0783733874478183
50,0.5,16,4921900.0,0.9308102813865857,Vrla 4,hydro,483863545.940463,73660422.65727365,TENT B1,3.0783733874478183
50,0.5,17,5096200.0,8.202098578947538,TETO NS,thermal-gas,483863545.940463,73660422.65727365,TENT B1,3.0783733874478183
50,0.5,18,5187500.0,8.202098578947538,TETO NS,thermal-gas,483863545.940463,73660422.65727365,TENT B1,3.0783733874478183
50,0.5,19,5174827.707,8.202098578947538,TETO NS,thermal-gas,483863545.940463,73660422.65727365,TENT B1,3.0783733874478183
50,0.5,20,5158241.72,8.202098578947538,TETO NS,thermal-gas,483863545.940463,73660422.65727365,TENT B1,3.0783733874478183
50,0.5,21,4967502.879,0.9516399245648253,Vrla 1,hydro,483863545.940463,73660422.65727365,TENT B1,3.0783733874478183
50,0.5,22,4793350.023,0.9071632820721311,HEDJ 1,hydro,483863545.940463,73660422.65727365,TENT B1,3.0783733874478183
50,0.5,23,4635783.154,0.9071632820721311,HEDJ 1,hydro,483863545.940463,73660422.65727365,TENT B1,3.0783733874478183
50,0.55,0,4619197.168,0.9948217565195501,HEDJ 1,hydro,483863545.940463,73660422.65727365,TENT B1,3.2894955469701013
50,0.55,1,4461630.298,0.9948217565195501,HEDJ 1,hydro,483863545.940463,73660422.65727365,TENT B1,3.2894955469701013
50,0.55,2,4469923.292,0.9948217565195501,HEDJ 1,hydro,483863545.940463,73660422.65727365,TENT B1,3.2894955469701013
50,0.55,3,4386993.36,0.9948217565195501,HEDJ 1,hydro,483863545.940463,73660422.65727365,TENT B1,3.2894955469701013
50,0.55,4,4254305.47,0.9948217565195501,HEDJ 1,hydro,483863545.940463,73660422.65727365,TENT B1,3.2894955469701013
50,0.55,5,4204547.512,0.9938945099206871,Zvornik,hydro,483863545.940463,73660422.65727365,TENT B1,3.2894955469701013
50,0.55,6,4672900.0,0.9948217565195501,HEDJ 1,hydro,483863545.940463,73660422.65727365,TENT B1,3.2894955469701013
50,0.55,7,5038100.0,3.6345,New Solar,solar,483863545.940463,73660422.65727365,TENT B1,3.2894955469701013
50,0.55,8,5071300.0,8.957952499233258,TETO NS,thermal-gas,483863545.940463,73660422.65727365,TENT B1,3.2894955469701013
50,0.55,9,5046400.0,4.584511850124714,Solarna Elektrana,solar,483863545.940463,73660422.65727365,TENT B1,3.2894955469701013
50,0.55,10,5046400.0,7.1591005525932925,mixed,mixed,483863545.940463,73660422.65727365,TENT B1,3.2894955469701013
50,0.55,11,5029800.0,3.6345,New Solar,solar,483863545.940463,73660422.65727365,TENT B1,3.2894955469701013
50,0.55,12,4980000.0,1.0435961419946849,Vrla 1,hydro,483863545.940463,73660422.65727365,TENT B1,3.2894955469701013
50,0.55,13,4963400.0,1.0435961419946849,Vrla 1,hydro,483863545.940463,73660422.65727365,TENT B1,3.2894955469701013
50,0.55,14,4921900.0,1.0207537467789978,Vrla 4,hydro,483863545.940463,73660422.65727365,TENT B1,3.2894955469701013
50,0.55,15,4921900.0,1.0207537467789978,Vrla 4,hydro,483863545.940463,73660422.65727365,TENT B1,3.2894955469701013
50,0.55,16,4921900.0,1.0207537467789978,Vrla 4,hydro,483863545.940463,73660422.65727365,TENT B1,3.2894955469701013
50,0.55,17,5096200.0,8.957952499233258,TETO NS,thermal-gas,483863545.940463,73660422.65727365,TENT B1,3.2894955469701013
50,0.55,18,5187500.0,8.957952499233258,TETO NS,thermal-gas,483863545.940463,73660422.65727365,TENT B1,3.2894955469701013
50,0.55,19,5174827.707,8.957952499233256,TETO NS,thermal-gas,483863545.940463,73660422.65727365,TENT B1,3.2894955469701013
50,0.55,20,5158241.72,8.957952499233256,TETO NS,thermal-gas,483863545.940463,73660422.65727365,TENT B1,3.2894955469701013
50,0.55,21,4967502.879,1.0435961419946853,Vrla 1,hydro,483863545.940463,73660422.65727365,TENT B1,3.2894955469701013
50,0.55,22,4793350.023,0.9948217565195501,HEDJ 1,hydro,483863545.940463,73660422.65727365,TENT B1,3.2894955469701013
50,0.55,23,4635783.154,0.9948217565195501,HEDJ 1,hydro,483863545.940463,73660422.65727365,TENT B1,3.2894955469701013
50,0.6,0,4619197.168,1.0824802309669699,HEDJ 1,hydro,483863545.940463,73660422.65727365,TENT B1,3.5006177064923842
50,0.6,1,4461630.298,1.0824802309669699,HEDJ 1,hydro,483863545.940463,73660422.65727365,TENT B1,3.5006177064923842
50,0.6,2,4469923.292,1.0824802309669699,HEDJ 1,hydro,483863545.940463,73660422.65727365,TENT B1,3.5006177064923842
50,0.6,3,4386993.36,1.0824802309669699,HEDJ 1,hydro,483863545.940463,73660422.65727365,TENT B1,3.5006177064923842
50,0.6,4,4254305.47,1.0824802309669699,HEDJ 1,hydro,483863545.940463,73660422.65727365,TENT B1,3.5006177064923842
50,0.6,5,4204547.512,1.081471280262059,Zvornik,hydro,483863545.940463,73660422.65727365,TENT B1,3.5006177064923842
50,0.6,6,4672900.0,1.0824802309669699,HEDJ 1,hydro,483863545.940463,73660422.65727365,TENT B1,3.5006177064923842
50,0.6,7,5038100.0,3.9639999999999995,New Solar,solar,483863545.940463,73660422.65727365,TENT B1,3.5006177064923842
50,0.6,8,5071300.0,9.713806419518974,TETO NS,thermal-gas,483863545.940463,73660422.65727365,TENT B1,3.5006177064923842
50,0.6,9,5046400.0,6.037592076409474,mixed,mixed,483863545.940463,73660422.65727365,TENT B1,3.5006177064923842
50,0.6,10,5046400.0,5.0001389390272015,Solarna Elektrana,solar,483863545.940463,73660422.65727365,TENT B1,3.5006177064923842
50,0.6,11,5029800.0,3.9639999999999995,New Solar,solar,483863545.940463,73660422.65727365,TENT B1,3.5006177064923842
50,0.6,12,4980000.0,1.1355523594245445,Vrla 1,hydro,483863545.940463,73660422.65727365,TENT B1,3.5006177064923842
50,0.6,13,4963400.0,1.1355523594245445,Vrla 1,hydro,483863545.940463,73660422.65727365,TENT B1,3.5006177064923842
50,0.6,14,4921900.0,1.1106972121714085,Vrla 4,hydro,483863545.940463,73660422.65727365,TENT B1,3.5006177064923842
50,0.6,15,4921900.0,1.1106972121714085,Vrla 4,hydro,483863545.940463,73660422.65727365,TENT B1,3.5006177064923842
50,0.6,16,4921900.0,1.1106972121714085,Vrla 4,hydro,483863545.940463,73660422.65727365,TENT B1,3.5006177064923842
50,0.6,17,5096200.0,9.713806419518974,TETO NS,thermal-gas,483863545.940463,73660422.65727365,TENT B1,3.5006177064923842
50,0.6,18,5187500.0,9.713806419518974,TETO NS,thermal-gas,483863545.940463,73660422.65727365,TENT B1,3.5006177064923842
50,0.6,19,5174827.707,9.713806419518974,TETO NS,thermal-gas,483863545.940463,73660422.65727365,TENT B1,3.5006177064923842
50,0.6,20,5158241.72,9.713806419518974,TETO NS,thermal-gas,483863545.940463,73660422.65727365,TENT B1,3.5006177064923842
50,0.6,21,4967502.879,1.135552359424544,Vrla 1,hydro,483863545.940463,73660422.65727365,TENT B1,3.5006177064923842
50,0.6,22,4793350.023,1.0824802309669699,HEDJ 1,hydro,483863545.940463,73660422.65727365,TENT B1,3.5006177064923842
50,0.6,23,4635783.154,1.0824802309669699,HEDJ 1,hydro,483863545.940463,73660422.65727365,TENT B1,3.5006177064923842
50,0.65,0,4619197.168,1.1701387054143897,HEDJ 1,hydro,483810023.7454351,73753097.81600064,TENT B1,3.711739866014668
50,0.65,1,4461630.298,1.1701387054143897,HEDJ 1,hydro,483810023.7454351,73753097.81600064,TENT B1,3.711739866014668
50,0.65,2,4469923.292,1.1701387054143897,HEDJ 1,hydro,483810023.7454351,73753097.81600064,TENT B1,3.711739866014668
50,0.65,3,4386993.36,1.1701387054143897,HEDJ 1,hydro,483810023.7454351,73753097.81600064,TENT B1,3.711739866014668
50,0.65,4,4254305.47,1.1701387054143897,HEDJ 1,hydro,483810023.7454351,73753097.81600064,TENT B1,3.711739866014668
50,0.65,5,4204547.512,1.1690480506034309,Zvornik,hydro,483810023.7454351,73753097.81600064,TENT B1,3.711739866014668
50,0.65,6,4672900.0,1.1701387054143897,HEDJ 1,hydro,483810023.7454351,73753097.81600064,TENT B1,3.711739866014668
50,0.65,7,5038100.0,4.2935,New Solar,solar,483810023.7454351,73753097.81600064,TENT B1,3.711739866014668
50,0.65,8,5071300.0,10.469660339804692,TETO NS,thermal-gas,483810023.7454351,73753097.81600064,TENT B1,3.711739866014668
50,0.65,9,5046400.0,4.923797338032639,mixed,mixed,483810023.7454351,73753097.81600064,TENT B1,3.711739866014668
50,0.65,10,5046400.0,5.41576602792969,Solarna Elektrana,solar,483810023.7454351,73753097.81600064,TENT B1,3.711739866014668
50,0.65,11,5029800.0,4.2935,New Solar,solar,483810023.7454351,73753097.81600064,TENT B1,3.711739866014668
50,0.65,12,4980000.0,1.227508576854404,Vrla 1,hydro,483810023.7454351,73753097.81600064,TENT B1,3.711739866014668
50,0.65,13,4963400.0,1.2197948390474331,Vrla 2,hydro,483810023.7454351,73753097.81600064,TENT B1,3.711739866014668
50,0.65,14,4921900.0,1.2006406775638205,Vrla 4,hydro,483810023.7454351,73753097.81600064,TENT B1,3.711739866014668
50,0.65,15,4921900.0,1.2006406775638205,Vrla 4,hydro,483810023.7454351,73753097.81600064,TENT B1,3.711739866014668
50,0.65,16,4921900.0,1.2006406775638205,Vrla 4,hydro,483810023.7454351,73753097.81600064,TENT B1,3.711739866014668
50,0.65,17,5096200.0,10.469660339804692,TETO NS,thermal-gas,483810023.7454351,73753097.81600064,TENT B1,3.711739866014668
50,0.65,18,5187500.0,10.469660339804692,TETO NS,thermal-gas,483810023.7454351,73753097.81600064,TENT B1,3.711739866014668
50,0.65,19,5174827.707,10.469660339804692,TETO NS,thermal-gas,483810023.7454351,73753097.81600064,TENT B1,3.711739866014668
50,0.65,20,5158241.72,10.469660339804692,TETO NS,thermal-gas,483810023.7454351,73753097.81600064,TENT B1,3.711739866014668
50,0.65,21,4967502.879,1.2275085768544045,Vrla 1,hydro,483810023.7454351,73753097.81600064,TENT B1,3.711739866014668
50,0.65,22,4793350.023,1.1701387054143897,HEDJ 1,hydro,483810023.7454351,73753097.81600064,TENT B1,3.711739866014668
50,0.65,23,4635783.154,1.1701387054143897,HEDJ 1,hydro,483810023.7454351,73753097.81600064,TENT B1,3.711739866014668
50,0.7,0,4619197.168,1.257797179861809,HEDJ 1,hydro,483810023.7454351,73753097.81600064,TENT B1,3.922862025536951
50,0.7,1,4461630.298,1.257797179861809,HEDJ 1,hydro,483810023.7454351,73753097.81600064,TENT B1,3.922862025536951
50,0.7,2,4469923.292,1.257797179861809,HEDJ 1,hydro,483810023.7454351,73753097.81600064,TENT B1,3.922862025536951
50,0.7,3,4386993.36,1.257797179861809,HEDJ 1,hydro,483810023.7454351,73753097.81600064,TENT B1,3.922862025536951
50,0.7,4,4254305.47,1.257797179861809,HEDJ 1,hydro,483810023.7454351,73753097.81600064,TENT B1,3.922862025536951
50,0.7,5,4204547.512,1.2566248209448028,Zvornik,hydro,483810023.7454351,73753097.81600064,TENT B1,3.922862025536951
50,0.7,6,4672900.0,1.257797179861809,HEDJ 1,hydro,483810023.7454351,73753097.81600064,TENT B1,3.922862025536951
50,0.7,7,5038100.0,4.622999999999999,New Solar,solar,483810023.7454351,73753097.81600064,TENT B1,3.922862025536951
50,0.7,8,5071300.0,11.225514260090407,TETO NS,thermal-gas,483810023.7454351,73753097.81600064,TENT B1,3.922862025536951
50,0.7,9,5046400.0,4.622999999999999,New Solar,solar,483810023.7454351,73753097.81600064,TENT B1,3.922862025536951
50,0.7,10,5046400.0,5.011259837088143,mixed,mixed,483810023.7454351,73753097.81600064,TENT B1,3.922862025536951
50,0.7,11,5029800.0,4.622999999999999,New Solar,solar,483810023.7454351,73753097.81600064,TENT B1,3.922862025536951
50,0.7,12,4980000.0,1.3194647942842637,Vrla 1,hydro,483810023.7454351,73753097.81600064,TENT B1,3.922862025536951
50,0.7,13,4963400.0,1.3111731980701502,Vrla 2,hydro,483810023.7454351,73753097.81600064,TENT B1,3.922862025536951
50,0.7,14,4921900.0,1.2905841429562317,Vrla 4,hydro,483810023.7454351,73753097.81600064,TENT B1,3.922862025536951
50,0.7,15,4921900.0,1.2905841429562317,Vrla 4,hydro,483810023.7454351,73753097.81600064,TENT B1,3.922862025536951
50,0.7,16,4921900.0,1.2905841429562317,Vrla 4,hydro,483810023.7454351,73753097.81600064,TENT B1,3.922862025536951
50,0.7,17,5096200.0,11.225514260090407,TETO NS,thermal-gas,483810023.7454351,73753097.81600064,TENT B1,3.922862025536951
50,0.7,18,5187500.0,11.225514260090407,TETO NS,thermal-gas,483810023.7454351,73753097.81600064,TENT B1,3.922862025536951
50,0.7,19,5174827.707,11.225514260090407,TETO NS,thermal-gas,483810023.7454351,73753097.81600064,TENT B1,3.922862025536951
50,0.7,20,5158241.72,11.225514260090407,TETO NS,thermal-gas,483810023.7454351,73753097.81600064,TENT B1,3.922862025536951
50,0.7,21,4967502.879,1.3194647942842632,Vrla 1,hydro,483810023.7454351,73753097.81600064,TENT B1,3.922862025536951
50,0.7,22,4793350.023,1.257797179861809,HEDJ 1,hydro,483810023.7454351,73753097.81600064,TENT B1,3.922862025536951
50,0.7,23,4635783.154,1.257797179861809,HEDJ 1,hydro,483810023.7454351,73753097.81600064,TENT B1,3.922862025536951
50,0.75,0,4619197.168,1.3454556543092284,HEDJ 1,hydro,483654303.23635274,74145684.44601747,TENT B1,4.1339841850592345
50,0.75,1,4461630.298,1.3454556543092284,HEDJ 1,hydro,483654303.23635274,74145684.44601747,TENT B1,4.1339841850592345
50,0.75,2,4469923.292,1.3454556543092284,HEDJ 1,hydro,483654303.23635274,74145684.44601747,TENT B1,4.1339841850592345
50,0.75,3,4386993.36,1.3454556543092284,HEDJ 1,hydro,483654303.23635274,74145684.44601747,TENT B1,4.1339841850592345
50,0.75,4,4254305.47,1.3454556543092284,HEDJ 1,hydro,483654303.23635274,74145684.44601747,TENT B1,4.1339841850592345
50,0.75,5,4204547.512,1.3442015912861742,Zvornik,hydro,483654303.23635274,74145684.44601747,TENT B1,4.1339841850592345
50,0.75,6,4672900.0,1.3454556543092284,HEDJ 1,hydro,483654303.23635274,74145684.44601747,TENT B1,4.1339841850592345
50,0.75,7,5038100.0,4.9525,New Solar,solar,483654303.23635274,74145684.44601747,TENT B1,4.1339841850592345
50,0.75,8,5071300.0,11.080943266147225,mixed,mixed,483654303.23635274,74145684.44601747,TENT B1,4.1339841850592345
50,0.75,9,5046400.0,4.9525,New Solar,solar,483654303.23635274,74145684.44601747,TENT B1,4.1339841850592345
50,0.75,10,5046400.0,4.9525,New Solar,solar,483654303.23635274,74145684.44601747,TENT B1,4.1339841850592345
50,0.75,11,5029800.0,4.9525,New Solar,solar,483654303.23635274,74145684.44601747,TENT B1,4.1339841850592345
50,0.75,12,4980000.0,1.4025515570928677,Vrla 2,hydro,483654303.23635274,74145684.44601747,TENT B1,4.1339841850592345
50,0.75,13,4963400.0,1.3917494071358525,Vrla 3,hydro,483654303.23635274,74145684.44601747,TENT B1,4.1339841850592345
50,0.75,14,4921900.0,1.3684357522151078,HE Pirot,hydro,483654303.23635274,74145684.44601747,TENT B1,4.1339841850592345
50,0.75,15,4921900.0,1.3684357522151078,HE Pirot,hydro,483654303.23635274,74145684.44601747,TENT B1,4.1339841850592345
50,0.75,16,4921900.0,1.3684357522151078,HE Pirot,hydro,483654303.23635274,74145684.44601747,TENT B1,4.1339841850592345
50,0.75,17,5096200.0,11.981368180376128,TETO NS,thermal-gas,483654303.23635274,74145684.44601747,TENT B1,4.1339841850592345
50,0.75,18,5187500.0,11.981368180376128,TETO NS,thermal-gas,483654303.23635274,74145684.44601747,TENT B1,4.1339841850592345
50,0.75,19,5174827.707,11.981368180376128,TETO NS,thermal-gas,483654303.23635274,74145684.44601747,TENT B1,4.1339841850592345
50,0.75,20,5158241.72,11.981368180376128,TETO NS,thermal-gas,483654303.23635274,74145684.44601747,TENT B1,4.1339841850592345
50,0.75,21,4967502.879,1.391749407135853,Vrla 3,hydro,483654303.23635274,74145684.44601747,TENT B1,4.1339841850592345
50,0.75,22,4793350.023,1.3454556543092284,HEDJ 1,hydro,483654303.23635274,74145684.44601747,TENT B1,4.1339841850592345
50,0.75,23,4635783.154,1.3454556543092284,HEDJ 1,hydro,483654303.23635274,74145684.44601747,TENT B1,4.1339841850592345
50,0.8,0,4619197.168,1.4331141287566482,HEDJ 1,hydro,483654303.23635274,74145684.44601747,TENT B1,4.345106344581518
50,0.8,1,4461630.298,1.4331141287566482,HEDJ 1,hydro,483654303.23635274,74145684.44601747,TENT B1,4.345106344581518
50,0.8,2,4469923.292,1.4331141287566482,HEDJ 1,hydro,483654303.23635274,74145684.44601747,TENT B1,4.345106344581518
50,0.8,3,4386993.36,1.4331141287566482,HEDJ 1,hydro,483654303.23635274,74145684.44601747,TENT B1,4.345106344581518
50,0.8,4,4254305.47,1.4331141287566482,HEDJ 1,hydro,483654303.23635274,74145684.44601747,TENT B1,4.345106344581518
50,0.8,5,4204547.512,1.431778361627547,Zvornik,hydro,483654303.23635274,74145684.44601747,TENT B1,4.345106344581518
50,0.8,6,4672900.0,1.4331141287566482,HEDJ 1,hydro,483654303.23635274,74145684.44601747,TENT B1,4.345106344581518
50,0.8,7,5038100.0,5.282,New Solar,solar,483654303.23635274,74145684.44601747,TENT B1,4.345106344581518
50,0.8,8,5071300.0,10.47742033549051,mixed,mixed,483654303.23635274,74145684.44601747,TENT B1,4.345106344581518
50,0.8,9,5046400.0,5.282,New Solar,solar,483654303.23635274,74145684.44601747,TENT B1,4.345106344581518
50,0.8,10,5046400.0,5.282,New Solar,solar,483654303.23635274,74145684.44601747,TENT B1,4.345106344581518
50,0.8,11,5029800.0,5.282,New Solar,solar,483654303.23635274,74145684.44601747,TENT B1,4.345106344581518
50,0.8,12,4980000.0,1.4939299161155848,Vrla 2,hydro,483654303.23635274,74145684.44601747,TENT B1,4.345106344581518
50,0.8,13,4963400.0,1.4824239897219766,Vrla 3,hydro,483654303.23635274,74145684.44601747,TENT B1,4.345106344581518
50,0.8,14,4921900.0,1.4575914148594258,HE Pirot,hydro,483654303.23635274,74145684.44601747,TENT B1,4.345106344581518
50,0.8,15,4921900.0,1.4575914148594258,HE Pirot,hydro,483654303.23635274,74145684.44601747,TENT B1,4.345106344581518
50,0.8,16,4921900.0,1.4575914148594258,HE Pirot,hydro,483654303.23635274,74145684.44601747,TENT B1,4.345106344581518
50,0.8,17,5096200.0,12.737222100661846,TETO NS,thermal-gas,483654303.23635274,74145684.44601747,TENT B1,4.345106344581518
50,0.8,18,5187500.0,12.737222100661846,TETO NS,thermal-gas,483654303.23635274,74145684.44601747,TENT B1,4.345106344581518
50,0.8,19,5174827.707,12.737222100661846,TETO NS,thermal-gas,483654303.23635274,74145684.44601747,TENT B1,4.345106344581518
50,0.8,20,5158241.72,12.737222100661846,TETO NS,thermal-gas,483654303.23635274,74145684.44601747,TENT B1,4.345106344581518
50,0.8,21,4967502.879,1.4824239897219762,Vrla 3,hydro,483654303.23635274,74145684.44601747,TENT B1,4.345106344581518
50,0.8,22,4793350.023,1.4331141287566482,HEDJ 1,hydro,483654303.23635274,74145684.44601747,TENT B1,4.345106344581518
50,0.8,23,4635783.154,1.4331141287566482,HEDJ 1,hydro,483654303.23635274,74145684.44601747,TENT B1,4.345106344581518
50,0.85,0,4619197.168,1.5207726032040663,HEDJ 1,hydro,483654303.23635274,74145684.44601747,TENT B1,4.556228504103801
50,0.85,1,4461630.298,1.5207726032040663,HEDJ 1,hydro,483654303.23635274,74145684.44601747,TENT B1,4.556228504103801
50,0.85,2,4469923.292,1.5207726032040663,HEDJ 1,hydro,483654303.23635274,74145684.44601747,TENT B1,4.556228504103801
50,0.85,3,4386993.36,1.5207726032040663,HEDJ 1,hydro,483654303.23635274,74145684.44601747,TENT B1,4.556228504103801
50,0.85,4,4254305.47,1.5207726032040663,HEDJ 1,hydro,483654303.23635274,74145684.44601747,TENT B1,4.556228504103801
50,0.85,5,4204547.512,1.5193551319689194,Zvornik,hydro,483654303.23635274,74145684.44601747,TENT B1,4.556228504103801
50,0.85,6,4672900.0,1.5207726032040663,HEDJ 1,hydro,483654303.23635274,74145684.44601747,TENT B1,4.556228504103801
50,0.85,7,5038100.0,5.6114999999999995,New Solar,solar,483654303.23635274,74145684.44601747,TENT B1,4.556228504103801
50,0.85,8,5071300.0,9.873897404833805,mixed,mixed,483654303.23635274,74145684.44601747,TENT B1,4.556228504103801
50,0.85,9,5046400.0,5.6114999999999995,New Solar,solar,483654303.23635274,74145684.44601747,TENT B1,4.556228504103801
50,0.85,10,5046400.0,5.6114999999999995,New Solar,solar,483654303.23635274,74145684.44601747,TENT B1,4.556228504103801
50,0.85,11,5029800.0,5.6114999999999995,New Solar,solar,483654303.23635274,74145684.44601747,TENT B1,4.556228504103801
50,0.85,12,4980000.0,1.5853082751383019,Vrla 2,hydro,483654303.23635274,74145684.44601747,TENT B1,4.556228504103801
50,0.85,13,4963400.0,1.5730985723081004,Vrla 3,hydro,483654303.23635274,74145684.44601747,TENT B1,4.556228504103801
50,0.85,14,4921900.0,1.5467470775037429,HE Pirot,hydro,483654303.23635274,74145684.44601747,TENT B1,4.556228504103801
50,0.85,15,4921900.0,1.5467470775037429,HE Pirot,hydro,483654303.23635274,74145684.44601747,TENT B1,4.556228504103801
50,0.85,16,4921900.0,1.5467470775037429,HE Pirot,hydro,483654303.23635274,74145684.44601747,TENT B1,4.556228504103801
50,0.85,17,5096200.0,13.493076020947562,TETO NS,thermal-gas,483654303.23635274,74145684.44601747,TENT B1,4.556228504103801
50,0.85,18,5187500.0,13.493076020947562,TETO NS,thermal-gas,483654303.23635274,74145684.44601747,TENT B1,4.556228504103801
50,0.85,19,5174827.707,13.493076020947562,TETO NS,thermal-gas,483654303.23635274,74145684.44601747,TENT B1,4.556228504103801
50,0.85,20,5158241.72,13.493076020947562,TETO NS,thermal-gas,483654303.23635274,74145684.44601747,TENT B1,4.556228504103801
50,0.85,21,4967502.879,1.5730985723080995,Vrla 3,hydro,483654303.23635274,74145684.44601747,TENT B1,4.556228504103801
50,0.85,22,4793350.023,1.5207726032040663,HEDJ 1,hydro,483654303.23635274,74145684.44601747,TENT B1,4.556228504103801
50,0.85,23,4635783.154,1.5207726032040663,HEDJ 1,hydro,483654303.23635274,74145684.44601747,TENT B1,4.556228504103801
50,0.9,0,4619197.168,1.6084310776514865,HEDJ 1,hydro,483654303.23635274,74145684.44601747,TENT B1,4.767350663626085
50,0.9,1,4461630.298,1.6084310776514865,HEDJ 1,hydro,483654303.23635274,74145684.44601747,TENT B1,4.767350663626085
50,0.9,2,4469923.292,1.6084310776514865,HEDJ 1,hydro,483654303.23635274,74145684.44601747,TENT B1,4.767350663626085
50,0.9,3,4386993.36,1.6084310776514865,HEDJ 1,hydro,483654303.23635274,74145684.44601747,TENT B1,4.767350663626085
50,0.9,4,4254305.47,1.6084310776514865,HEDJ 1,hydro,483654303.23635274,74145684.44601747,TENT B1,4.767350663626085
50,0.9,5,4204547.512,1.6069319023102908,Zvornik,hydro,483654303.23635274,74145684.44601747,TENT B1,4.767350663626085
50,0.9,6,4672900.0,1.6084310776514865,HEDJ 1,hydro,483654303.23635274,74145684.44601747,TENT B1,4.767350663626085
50,0.9,7,5038100.0,5.941,New Solar,solar,483654303.23635274,74145684.44601747,TENT B1,4.767350663626085
50,0.9,8,5071300.0,9.270374474177075,mixed,mixed,483654303.23635274,74145684.44601747,TENT B1,4.767350663626085
50,0.9,9,5046400.0,5.941,New Solar,solar,483654303.23635274,74145684.44601747,TENT B1,4.767350663626085
50,0.9,10,5046400.0,5.941,New Solar,solar,483654303.23635274,74145684.44601747,TENT B1,4.767350663626085
50,0.9,11,5029800.0,5.941,New Solar,solar,483654303.23635274,74145684.44601747,TENT B1,4.767350663626085
50,0.9,12,4980000.0,1.676686634161019,Vrla 2,hydro,483654303.23635274,74145684.44601747,TENT B1,4.767350663626085
50,0.9,13,4963400.0,1.6637731548942245,Vrla 3,hydro,483654303.23635274,74145684.44601747,TENT B1,4.767350663626085
50,0.9,14,4921900.0,1.6359027401480617,HE Pirot,hydro,483654303.23635274,74145684.44601747,TENT B1,4.767350663626085
50,0.9,15,4921900.0,1.6359027401480617,HE Pirot,hydro,483654303.23635274,74145684.44601747,TENT B1,4.767350663626085
50,0.9,16,4921900.0,1.6359027401480617,HE Pirot,hydro,483654303.23635274,74145684.44601747,TENT B1,4.767350663626085
50,0.9,17,5096200.0,14.248929941233278,TETO NS,thermal-gas,483654303.23635274,74145684.44601747,TENT B1,4.767350663626085
50,0.9,18,5187500.0,14.248929941233278,TETO NS,thermal-gas,483654303.23635274,74145684.44601747,TENT B1,4.767350663626085
50,0.9,19,5174827.707,14.248929941233282,TETO NS,thermal-gas,483654303.23635274,74145684.44601747,TENT B1,4.767350663626085
50,0.9,20,5158241.72,14.248929941233282,TETO NS,thermal-gas,483654303.23635274,74145684.44601747,TENT B1,4.767350663626085
50,0.9,21,4967502.879,1.6637731548942245,Vrla 3,hydro,483654303.23635274,74145684.44601747,TENT B1,4.767350663626085
50,0.9,22,4793350.023,1.6084310776514865,HEDJ 1,hydro,483654303.23635274,74145684.44601747,TENT B1,4.767350663626085
50,0.9,23,4635783.154,1.6084310776514865,HEDJ 1,hydro,483654303.23635274,74145684.44601747,TENT B1,4.767350663626085
50,0.95,0,4619197.168,1.6960895520989068,HEDJ 1,hydro,483654303.23635274,74145684.44601747,TENT B1,4.978472823148367
50,0.95,1,4461630.298,1.6960895520989068,HEDJ 1,hydro,483654303.23635274,74145684.44601747,TENT B1,4.978472823148367
50,0.95,2,4469923.292,1.6960895520989068,HEDJ 1,hydro,483654303.23635274,74145684.44601747,TENT B1,4.978472823148367
50,0.95,3,4386993.36,1.6960895520989068,HEDJ 1,hydro,483654303.23635274,74145684.44601747,TENT B1,4.978472823148367
50,0.95,4,4254305.47,1.6960895520989068,HEDJ 1,hydro,483654303.23635274,74145684.44601747,TENT B1,4.978472823148367
50,0.95,5,4204547.512,1.6945086726516632,Zvornik,hydro,483654303.23635274,74145684.44601747,TENT B1,4.978472823148367
50,0.95,6,4672900.0,1.6960895520989068,HEDJ 1,hydro,483654303.23635274,74145684.44601747,TENT B1,4.978472823148367
50,0.95,7,5038100.0,6.270499999999999,New Solar,solar,483654303.23635274,74145684.44601747,TENT B1,4.978472823148367
50,0.95,8,5071300.0,8.66685154352034,mixed,mixed,483654303.23635274,74145684.44601747,TENT B1,4.978472823148367
50,0.95,9,5046400.0,6.270499999999999,New Solar,solar,483654303.23635274,74145684.44601747,TENT B1,4.978472823148367
50,0.95,10,5046400.0,6.270499999999999,New Solar,solar,483654303.23635274,74145684.44601747,TENT B1,4.978472823148367
50,0.95,11,5029800.0,6.270499999999999,New Solar,solar,483654303.23635274,74145684.44601747,TENT B1,4.978472823148367
50,0.95,12,4980000.0,1.7680649931837369,Vrla 2,hydro,483654303.23635274,74145684.44601747,TENT B1,4.978472823148367
50,0.95,13,4963400.0,1.7544477374803469,Vrla 3,hydro,483654303.23635274,74145684.44601747,TENT B1,4.978472823148367
50,0.95,14,4921900.0,1.7250584027923779,HE Pirot,hydro,483654303.23635274,74145684.44601747,TENT B1,4.978472823148367
50,0.95,15,4921900.0,1.7250584027923779,HE Pirot,hydro,483654303.23635274,74145684.44601747,TENT B1,4.978472823148367
50,0.95,16,4921900.0,1.7250584027923779,HE Pirot,hydro,483654303.23635274,74145684.44601747,TENT B1,4.978472823148367
50,0.95,17,5096200.0,15.004783861518998,TETO NS,thermal-gas,483654303.23635274,74145684.44601747,TENT B1,4.978472823148367
50,0.95,18,5187500.0,15.004783861518998,TETO NS,thermal-gas,483654303.23635274,74145684.44601747,TENT B1,4.978472823148367
50,0.95,19,5174827.707,15.004783861518998,TETO NS,thermal-gas,483654303.23635274,74145684.44601747,TENT B1,4.978472823148367
50,0.95,20,5158241.72,15.004783861518998,TETO NS,thermal-gas,483654303.23635274,74145684.44601747,TENT B1,4.978472823148367
50,0.95,21,4967502.879,1.7544477374803478,Vrla 3,hydro,483654303.23635274,74145684.44601747,TENT B1,4.978472823148367
50,0.95,22,4793350.023,1.6960895520989068,HEDJ 1,hydro,483654303.23635274,74145684.44601747,TENT B1,4.978472823148367
50,0.95,23,4635783.154,1.6960895520989068,HEDJ 1,hydro,483654303.23635274,74145684.44601747,TENT B1,4.978472823148367
50,1.0,0,4619197.168,1.7837480265463252,HEDJ 1,hydro,483653057.8121088,74241394.18386324,TENT B1,5.189594982670651
50,1.0,1,4461630.298,1.7837480265463252,HEDJ 1,hydro,483653057.8121088,74241394.18386324,TENT B1,5.189594982670651
50,1.0,2,4469923.292,1.7837480265463252,HEDJ 1,hydro,483653057.8121088,74241394.18386324,TENT B1,5.189594982670651
50,1.0,3,4386993.36,1.7837480265463252,HEDJ 1,hydro,483653057.8121088,74241394.18386324,TENT B1,5.189594982670651
50,1.0,4,4254305.47,1.7837480265463252,HEDJ 1,hydro,483653057.8121088,74241394.18386324,TENT B1,5.189594982670651
50,1.0,5,4204547.512,1.7820854429930346,Zvornik,hydro,483653057.8121088,74241394.18386324,TENT B1,5.189594982670651
50,1.0,6,4672900.0,1.7837480265463252,HEDJ 1,hydro,483653057.8121088,74241394.18386324,TENT B1,5.189594982670651
50,1.0,7,5038100.0,6.6,New Solar,solar,483653057.8121088,74241394.18386324,TENT B1,5.189594982670651
50,1.0,8,5071300.0,8.063328612863625,mixed,mixed,483653057.8121088,74241394.18386324,TENT B1,5.189594982670651
50,1.0,9,5046400.0,6.6,New Solar,solar,483653057.8121088,74241394.18386324,TENT B1,5.189594982670651
50,1.0,10,5046400.0,6.6,New Solar,solar,483653057.8121088,74241394.18386324,TENT B1,5.189594982670651
50,1.0,11,5029800.0,6.6,New Solar,solar,483653057.8121088,74241394.18386324,TENT B1,5.189594982670651
50,1.0,12,4980000.0,1.859443352206453,Vrla 2,hydro,483653057.8121088,74241394.18386324,TENT B1,5.189594982670651
50,1.0,13,4963400.0,1.8451223200664701,Vrla 3,hydro,483653057.8121088,74241394.18386324,TENT B1,5.189594982670651
50,1.0,14,4921900.0,1.8142140654366958,HE Pirot,hydro,483653057.8121088,74241394.18386324,TENT B1,5.189594982670651
50,1.0,15,4921900.0,1.8142140654366958,HE Pirot,hydro,483653057.8121088,74241394.18386324,TENT B1,5.189594982670651
50,1.0,16,4921900.0,1.8142140654366958,HE Pirot,hydro,483653057.8121088,74241394.18386324,TENT B1,5.189594982670651
50,1.0,17,5096200.0,15.760637781804716,TETO NS,thermal-gas,483653057.8121088,74241394.18386324,TENT B1,5.189594982670651
50,1.0,18,5187500.0,15.760637781804716,TETO NS,thermal-gas,483653057.8121088,74241394.18386324,TENT B1,5.189594982670651
50,1.0,19,5174827.707,15.760637781804716,TETO NS,thermal-gas,483653057.8121088,74241394.18386324,TENT B1,5.189594982670651
50,1.0,20,5158241.72,15.760637781804716,TETO NS,thermal-gas,483653057.8121088,74241394.18386324,TENT B1,5.189594982670651
50,1.0,21,4967502.879,1.8451223200664701,Vrla 3,hydro,483653057.8121088,74241394.18386324,TENT B1,5.189594982670651
50,1.0,22,4793350.023,1.7837480265463252,HEDJ 1,hydro,483653057.8121088,74241394.18386324,TENT B1,5.189594982670651
50,1.0,23,4635783.154,1.7837480265463252,HEDJ 1,hydro,483653057.8121088,74241394.18386324,TENT B1,5.189594982670651
100,0.0,0,4619197.168,0.03057853759793701,HEDJ 1,hydro,496032300.0416026,70593203.13812271,TENT B1,0.9671517922249849
100,0.0,1,4461630.298,0.03057853759793701,HEDJ 1,hydro,496032300.0416026,70593203.13812271,TENT B1,0.9671517922249849
100,0.0,2,4469923.292,0.03057853759793701,HEDJ 1,hydro,496032300.0416026,70593203.13812271,TENT B1,0.9671517922249849
100,0.0,3,4386993.36,0.03057853759793701,HEDJ 1,hydro,496032300.0416026,70593203.13812271,TENT B1,0.9671517922249849
100,0.0,4,4254305.47,0.03057853759793701,HEDJ 1,hydro,496032300.0416026,70593203.13812271,TENT B1,0.9671517922249849
100,0.0,5,4204547.512,0.03057853759793701,HEDJ 1,hydro,496032300.0416026,70593203.13812271,TENT B1,0.9671517922249849
100,0.0,6,4672900.0,0.03057853759793701,HEDJ 1,hydro,496032300.0416026,70593203.13812271,TENT B1,0.9671517922249849
100,0.0,7,5038100.0,0.6435593760903592,TETO NS,thermal-gas,496032300.0416026,70593203.13812271,TENT B1,0.9671517922249849
100,0.0,8,5071300.0,0.6435593760903592,TETO NS,thermal-gas,496032300.0416026,70593203.13812271,TENT B1,0.9671517922249849
100,0.0,9,5046400.0,0.6435593760903592,TETO NS,thermal-gas,496032300.0416026,70593203.13812271,TENT B1,0.9671517922249849
100,0.0,10,5046400.0,0.6435593760903592,TETO NS,thermal-gas,496032300.0416026,70593203.13812271,TENT B1,0.9671517922249849
100,0.0,11,5029800.0,0.6435593760903592,TETO NS,thermal-gas,496032300.0416026,70593203.13812271,TENT B1,0.9671517922249849
100,0.0,12,4980000.0,0.6435593760903592,TETO NS,thermal-gas,496032300.0416026,70593203.13812271,TENT B1,0.9671517922249849
100,0.0,13,4963400.0,0.6435593760903592,TETO NS,thermal-gas,496032300.0416026,70593203.13812271,TENT B1,0.9671517922249849
100,0.0,14,4921900.0,0.03207775026623007,Vrla 1,hydro,496032300.0416026,70593203.13812271,TENT B1,0.9671517922249849
100,0.0,15,4921900.0,0.03207775026623007,Vrla 1,hydro,496032300.0416026,70593203.13812271,TENT B1,0.9671517922249849
100,0.0,16,4921900.0,0.03207775026623007,Vrla 1,hydro,496032300.0416026,70593203.13812271,TENT B1,0.9671517922249849
100,0.0,17,5096200.0,0.6435593760903592,TETO NS,thermal-gas,496032300.0416026,70593203.13812271,TENT B1,0.9671517922249849
100,0.0,18,5187500.0,15.76104978722556,mixed,mixed,496032300.0416026,70593203.13812271,TENT B1,0.9671517922249849
100,0.0,19,5174827.707,0.6435593760903593,TETO NS,thermal-gas,496032300.0416026,70593203.13812271,TENT B1,0.9671517922249849
100,0.0,20,5158241.72,0.6435593760903593,TETO NS,thermal-gas,496032300.0416026,70593203.13812271,TENT B1,0.9671517922249849
100,0.0,21,4967502.879,0.6435593760903593,TETO NS,thermal-gas,496032300.0416026,70593203.13812271,TENT B1,0.9671517922249849
100,0.0,22,4793350.023,0.03057853759793701,HEDJ 1,hydro,496032300.0416026,70593203.13812271,TENT B1,0.9671517922249849
100,0.0,23,4635783.154,0.03057853759793701,HEDJ 1,hydro,496032300.0416026,70593203.13812271,TENT B1,0.9671517922249849
100,0.05,0,4619197.168,0.11823701204535644,HEDJ 1,hydro,491571086.1658508,70594255.6722463,TENT B1,1.178273951747268
100,0.05,1,4461630.298,0.11823701204535644,HEDJ 1,hydro,491571086.1658508,70594255.6722463,TENT B1,1.178273951747268
100,0.05,2,4469923.292,0.11823701204535644,HEDJ 1,hydro,491571086.1658508,70594255.6722463,TENT B1,1.178273951747268
100,0.05,3,4386993.36,0.11823701204535644,HEDJ 1,hydro,491571086.1658508,70594255.6722463,TENT B1,1.178273951747268
100,0.05,4,4254305.47,0.11823701204535644,HEDJ 1,hydro,491571086.1658508,70594255.6722463,TENT B1,1.178273951747268
100,0.05,5,4204547.512,0.11823701204535644,HEDJ 1,hydro,491571086.1658508,70594255.6722463,TENT B1,1.178273951747268
100,0.05,6,4672900.0,0.11823701204535644,HEDJ 1,hydro,491571086.1658508,70594255.6722463,TENT B1,1.178273951747268
100,0.05,7,5038100.0,1.3994132963760775,TETO NS,thermal-gas,491571086.1658508,70594255.6722463,TENT B1,1.178273951747268
100,0.05,8,5071300.0,1.3994132963760775,TETO NS,thermal-gas,491571086.1658508,70594255.6722463,TENT B1,1.178273951747268
100,0.05,9,5046400.0,1.3994132963760775,TETO NS,thermal-gas,491571086.1658508,70594255.6722463,TENT B1,1.178273951747268
100,0.05,10,5046400.0,1.3994132963760775,TETO NS,thermal-gas,491571086.1658508,70594255.6722463,TENT B1,1.178273951747268
100,0.05,11,5029800.0,1.3994132963760775,TETO NS,thermal-gas,491571086.1658508,70594255.6722463,TENT B1,1.178273951747268
100,0.05,12,4980000.0,1.3994132963760775,TETO NS,thermal-gas,491571086.1658508,70594255.6722463,TENT B1,1.178273951747268
100,0.05,13,4963400.0,1.3994132963760775,TETO NS,thermal-gas,491571086.1658508,70594255.6722463,TENT B1,1.178273951747268
100,0.05,14,4921900.0,0.3395,New Solar,solar,491571086.1658508,70594255.6722463,TENT B1,1.178273951747268
100,0.05,15,4921900.0,0.3395,New Solar,solar,491571086.1658508,70594255.6722463,TENT B1,1.178273951747268
100,0.05,16,4921900.0,0.3395,New Solar,solar,491571086.1658508,70594255.6722463,TENT B1,1.178273951747268
100,0.05,17,5096200.0,1.3994132963760775,TETO NS,thermal-gas,491571086.1658508,70594255.6722463,TENT B1,1.178273951747268
100,0.05,18,5187500.0,10.797377954659911,mixed,mixed,491571086.1658508,70594255.6722463,TENT B1,1.178273951747268
100,0.05,19,5174827.707,1.3994132963760775,TETO NS,thermal-gas,491571086.1658508,70594255.6722463,TENT B1,1.178273951747268
100,0.05,20,5158241.72,1.3994132963760775,TETO NS,thermal-gas,491571086.1658508,70594255.6722463,TENT B1,1.178273951747268
100,0.05,21,4967502.879,1.3994132963760775,TETO NS,thermal-gas,491571086.1658508,70594255.6722463,TENT B1,1.178273951747268
100,0.05,22,4793350.023,0.12325453077482773,Vrla 2,hydro,491571086.1658508,70594255.6722463,TENT B1,1.178273951747268
100,0.05,23,4635783.154,0.11823701204535644,HEDJ 1,hydro,491571086.1658508,70594255.6722463,TENT B1,1.178273951747268
100,0.1,0,4619197.168,0.20589548649277584,HEDJ 1,hydro,491571086.1658508,70594255.6722463,TENT B1,1.3893961112695514
100,0.1,1,4461630.298,0.20589548649277584,HEDJ 1,hydro,491571086.1658508,70594255.6722463,TENT B1,1.3893961112695514
100,0.1,2,4469923.292,0.20589548649277584,HEDJ 1,hydro,491571086.1658508,70594255.6722463,TENT B1,1.3893961112695514
100,0.1,3,4386993.36,0.20589548649277584,HEDJ 1,hydro,491571086.1658508,70594255.6722463,TENT B1,1.3893961112695514
100,0.1,4,4254305.47,0.20589548649277584,HEDJ 1,hydro,491571086.1658508,70594255.6722463,TENT B1,1.3893961112695514
100,0.1,5,4204547.512,0.20589548649277584,HEDJ 1,hydro,491571086.1658508,70594255.6722463,TENT B1,1.3893961112695514
100,0.1,6,4672900.0,0.20589548649277584,HEDJ 1,hydro,491571086.1658508,70594255.6722463,TENT B1,1.3893961112695514
100,0.1,7,5038100.0,2.1552672166617954,TETO NS,thermal-gas,491571086.1658508,70594255.6722463,TENT B1,1.3893961112695514
100,0.1,8,5071300.0,2.1552672166617954,TETO NS,thermal-gas,491571086.1658508,70594255.6722463,TENT B1,1.3893961112695514
100,0.1,9,5046400.0,2.1552672166617954,TETO NS,thermal-gas,491571086.1658508,70594255.6722463,TENT B1,1.3893961112695514
100,0.1,10,5046400.0,2.1552672166617954,TETO NS,thermal-gas,491571086.1658508,70594255.6722463,TENT B1,1.3893961112695514
100,0.1,11,5029800.0,2.1552672166617954,TETO NS,thermal-gas,491571086.1658508,70594255.6722463,TENT B1,1.3893961112695514
100,0.1,12,4980000.0,2.1552672166617954,TETO NS,thermal-gas,491571086.1658508,70594255.6722463,TENT B1,1.3893961112695514
100,0.1,13,4963400.0,2.1552672166617954,TETO NS,thermal-gas,491571086.1658508,70594255.6722463,TENT B1,1.3893961112695514
100,0.1,14,4921900.0,0.669,New Solar,solar,491571086.1658508,70594255.6722463,TENT B1,1.3893961112695514
100,0.1,15,4921900.0,0.669,New Solar,solar,491571086.1658508,70594255.6722463,TENT B1,1.3893961112695514
100,0.1,16,4921900.0,0.669,New Solar,solar,491571086.1658508,70594255.6722463,TENT B1,1.3893961112695514
100,0.1,17,5096200.0,2.1552672166617954,TETO NS,thermal-gas,491571086.1658508,70594255.6722463,TENT B1,1.3893961112695514
100,0.1,18,5187500.0,5.768770505449735,mixed,mixed,491571086.1658508,70594255.6722463,TENT B1,1.3893961112695514
100,0.1,19,5174827.707,2.155267216661795,TETO NS,thermal-gas,491571086.1658508,70594255.6722463,TENT B1,1.3893961112695514
100,0.1,20,5158241.72,2.155267216661795,TETO NS,thermal-gas,491571086.1658508,70594255.6722463,TENT B1,1.3893961112695514
100,0.1,21,4967502.879,2.155267216661795,TETO NS,thermal-gas,491571086.1658508,70594255.6722463,TENT B1,1.3893961112695514
100,0.1,22,4793350.023,0.2146328897975449,Vrla 2,hydro,491571086.1658508,70594255.6722463,TENT B1,1.3893961112695514
100,0.1,23,4635783.154,0.20589548649277584,HEDJ 1,hydro,491571086.1658508,70594255.6722463,TENT B1,1.3893961112695514
100,0.15,0,4619197.168,0.29355396094019526,HEDJ 1,hydro,487771325.68822676,71175519.45908716,TENT B1,1.6005182707918346
100,0.15,1,4461630.298,0.29355396094019526,HEDJ 1,hydro,487771325.68822676,71175519.45908716,TENT B1,1.6005182707918346
100,0.15,2,4469923.292,0.29355396094019526,HEDJ 1,hydro,487771325.68822676,71175519.45908716,TENT B1,1.6005182707918346
100,0.15,3,4386993.36,0.29355396094019526,HEDJ 1,hydro,487771325.68822676,71175519.45908716,TENT B1,1.6005182707918346
100,0.15,4,4254305.47,0.29355396094019526,HEDJ 1,hydro,487771325.68822676,71175519.45908716,TENT B1,1.6005182707918346
100,0.15,5,4204547.512,0.29355396094019526,HEDJ 1,hydro,487771325.68822676,71175519.45908716,TENT B1,1.6005182707918346
100,0.15,6,4672900.0,0.29355396094019526,HEDJ 1,hydro,487771325.68822676,71175519.45908716,TENT B1,1.6005182707918346
100,0.15,7,5038100.0,2.9111211369475125,TETO NS,thermal-gas,487771325.68822676,71175519.45908716,TENT B1,1.6005182707918346
100,0.15,8,5071300.0,2.9111211369475125,TETO NS,thermal-gas,487771325.68822676,71175519.45908716,TENT B1,1.6005182707918346
100,0.15,9,5046400.0,2.9111211369475125,TETO NS,thermal-gas,487771325.68822676,71175519.45908716,TENT B1,1.6005182707918346
100,0.15,10,5046400.0,2.9111211369475125,TETO NS,thermal-gas,487771325.68822676,71175519.45908716,TENT B1,1.6005182707918346
100,0.15,11,5029800.0,2.9111211369475125,TETO NS,thermal-gas,487771325.68822676,71175519.45908716,TENT B1,1.6005182707918346
100,0.15,12,4980000.0,2.9111211369475125,TETO NS,thermal-gas,487771325.68822676,71175519.45908716,TENT B1,1.6005182707918346
100,0.15,13,4963400.0,1.2594951389048084,Solarna Elektrana,solar,487771325.68822676,71175519.45908716,TENT B1,1.6005182707918346
100,0.15,14,4921900.0,0.9984999999999999,New Solar,solar,487771325.68822676,71175519.45908716,TENT B1,1.6005182707918346
100,0.15,15,4921900.0,0.9984999999999999,New Solar,solar,487771325.68822676,71175519.45908716,TENT B1,1.6005182707918346
100,0.15,16,4921900.0,0.9984999999999999,New Solar,solar,487771325.68822676,71175519.45908716,TENT B1,1.6005182707918346
100,0.15,17,5096200.0,2.9111211369475125,TETO NS,thermal-gas,487771325.68822676,71175519.45908716,TENT B1,1.6005182707918346
100,0.15,18,5187500.0,2.9111211369475125,TETO NS,thermal-gas,487771325.68822676,71175519.45908716,TENT B1,1.6005182707918346
100,0.15,19,5174827.707,2.911121136947513,TETO NS,thermal-gas,487771325.68822676,71175519.45908716,TENT B1,1.6005182707918346
100,0.15,20,5158241.72,2.911121136947513,TETO NS,thermal-gas,487771325.68822676,71175519.45908716,TENT B1,1.6005182707918346
100,0.15,21,4967502.879,2.39659427946283,mixed,mixed,487771325.68822676,71175519.45908716,TENT B1,1.6005182707918346
100,0.15,22,4793350.023,0.30120602363970406,Vrla 4,hydro,487771325.68822676,71175519.45908716,TENT B1,1.6005182707918346
100,0.15,23,4635783.154,0.29355396094019526,HEDJ 1,hydro,487771325.68822676,71175519.45908716,TENT B1,1.6005182707918346
100,0.2,0,4619197.168,0.38121243538761485,HEDJ 1,hydro,483322225.68526393,72176942.52756053,TENT B1,1.811640430314118
100,0.2,1,4461630.298,0.38121243538761485,HEDJ 1,hydro,483322225.68526393,72176942.52756053,TENT B1,1.811640430314118
100,0.2,2,4469923.292,0.38121243538761485,HEDJ 1,hydro,483322225.68526393,72176942.52756053,TENT B1,1.811640430314118
100,0.2,3,4386993.36,0.38121243538761485,HEDJ 1,hydro,483322225.68526393,72176942.52756053,TENT B1,1.811640430314118
100,0.2,4,4254305.47,0.38121243538761485,HEDJ 1,hydro,483322225.68526393,72176942.52756053,TENT B1,1.811640430314118
100,0.2,5,4204547.512,0.38121243538761485,HEDJ 1,hydro,483322225.68526393,72176942.52756053,TENT B1,1.811640430314118
100,0.2,6,4672900.0,0.38121243538761485,HEDJ 1,hydro,483322225.68526393,72176942.52756053,TENT B1,1.811640430314118
100,0.2,7,5038100.0,3.6669750572332314,TETO NS,thermal-gas,483322225.68526393,72176942.52756053,TENT B1,1.811640430314118
100,0.2,8,5071300.0,3.6669750572332314,TETO NS,thermal-gas,483322225.68526393,72176942.52756053,TENT B1,1.811640430314118
100,0.2,9,5046400.0,3.6669750572332314,TETO NS,thermal-gas,483322225.68526393,72176942.52756053,TENT B1,1.811640430314118
100,0.2,10,5046400.0,3.6669750572332314,TETO NS,thermal-gas,483322225.68526393,72176942.52756053,TENT B1,1.811640430314118
100,0.2,11,5029800.0,3.6669750572332314,TETO NS,thermal-gas,483322225.68526393,72176942.52756053,TENT B1,1.811640430314118
100,0.2,12,4980000.0,1.328,New Solar,solar,483322225.68526393,72176942.52756053,TENT B1,1.811640430314118
100,0.2,13,4963400.0,1.328,New Solar,solar,483322225.68526393,72176942.52756053,TENT B1,1.811640430314118
100,0.2,14,4921900.0,0.39990261998566823,Vrla 1,hydro,483322225.68526393,72176942.52756053,TENT B1,1.811640430314118
100,0.2,15,4921900.0,1.317780273965559,mixed,mixed,483322225.68526393,72176942.52756053,TENT B1,1.811640430314118
100,0.2,16,4921900.0,1.328,New Solar,solar,483322225.68526393,72176942.52756053,TENT B1,1.811640430314118
100,0.2,17,5096200.0,3.6669750572332314,TETO NS,thermal-gas,483322225.68526393,72176942.52756053,TENT B1,1.811640430314118
100,0.2,18,5187500.0,3.6669750572332314,TETO NS,thermal-gas,483322225.68526393,72176942.52756053,TENT B1,1.811640430314118
100,0.2,19,5174827.707,3.6669750572332314,TETO NS,thermal-gas,483322225.68526393,72176942.52756053,TENT B1,1.811640430314118
100,0.2,20,5158241.72,3.6669750572332314,TETO NS,thermal-gas,483322225.68526393,72176942.52756053,TENT B1,1.811640430314118
100,0.2,21,4967502.879,1.344,New Solar,solar,483322225.68526393,72176942.52756053,TENT B1,1.811640430314118
100,0.2,22,4793350.023,0.38121243538761485,HEDJ 1,hydro,483322225.68526393,72176942.52756053,TENT B1,1.811640430314118
100,0.2,23,4635783.154,0.38121243538761485,HEDJ 1,hydro,483322225.68526393,72176942.52756053,TENT B1,1.811640430314118
100,0.25,0,4619197.168,0.4688709098350341,HEDJ 1,hydro,483137514.6883746,72230373.41768664,TENT B1,2.0227625898364012
100,0.25,1,4461630.298,0.4688709098350341,HEDJ 1,hydro,483137514.6883746,72230373.41768664,TENT B1,2.0227625898364012
100,0.25,2,4469923.292,0.4688709098350341,HEDJ 1,hydro,483137514.6883746,72230373.41768664,TENT B1,2.0227625898364012
100,0.25,3,4386993.36,0.4688709098350341,HEDJ 1,hydro,483137514.6883746,72230373.41768664,TENT B1,2.0227625898364012
100,0.25,4,4254305.47,0.4688709098350341,HEDJ 1,hydro,483137514.6883746,72230373.41768664,TENT B1,2.0227625898364012
100,0.25,5,4204547.512,0.4688709098350341,HEDJ 1,hydro,483137514.6883746,72230373.41768664,TENT B1,2.0227625898364012
100,0.25,6,4672900.0,0.4688709098350341,HEDJ 1,hydro,483137514.6883746,72230373.41768664,TENT B1,2.0227625898364012
100,0.25,7,5038100.0,4.422828977518948,TETO NS,thermal-gas,483137514.6883746,72230373.41768664,TENT B1,2.0227625898364012
100,0.25,8,5071300.0,4.422828977518948,TETO NS,thermal-gas,483137514.6883746,72230373.41768664,TENT B1,2.0227625898364012
100,0.25,9,5046400.0,4.422828977518948,TETO NS,thermal-gas,483137514.6883746,72230373.41768664,TENT B1,2.0227625898364012
100,0.25,10,5046400.0,4.422828977518948,TETO NS,thermal-gas,483137514.6883746,72230373.41768664,TENT B1,2.0227625898364012
100,0.25,11,5029800.0,2.480755635160156,mixed,mixed,483137514.6883746,72230373.41768664,TENT B1,2.0227625898364012
100,0.25,12,4980000.0,1.6575,New Solar,solar,483137514.6883746,72230373.41768664,TENT B1,2.0227625898364012
100,0.25,13,4963400.0,1.6575,New Solar,solar,483137514.6883746,72230373.41768664,TENT B1,2.0227625898364012
100,0.25,14,4921900.0,0.4918588374155277,Vrla 1,hydro,483137514.6883746,72230373.41768664,TENT B1,2.0227625898364012
100,0.25,15,4921900.0,0.4918588374155277,Vrla 1,hydro,483137514.6883746,72230373.41768664,TENT B1,2.0227625898364012
100,0.25,16,4921900.0,0.4918588374155277,Vrla 1,hydro,483137514.6883746,72230373.41768664,TENT B1,2.0227625898364012
100,0.25,17,5096200.0,4.422828977518948,TETO NS,thermal-gas,483137514.6883746,72230373.41768664,TENT B1,2.0227625898364012
100,0.25,18,5187500.0,4.422828977518948,TETO NS,thermal-gas,483137514.6883746,72230373.41768664,TENT B1,2.0227625898364012
100,0.25,19,5174827.707,4.422828977518948,TETO NS,thermal-gas,483137514.6883746,72230373.41768664,TENT B1,2.0227625898364012
100,0.25,20,5158241.72,4.422828977518948,TETO NS,thermal-gas,483137514.6883746,72230373.41768664,TENT B1,2.0227625898364012
100,0.25,21,4967502.879,1.6724999999999999,New Solar,solar,483137514.6883746,72230373.41768664,TENT B1,2.0227625898364012
100,0.25,22,4793350.023,0.4688709098350341,HEDJ 1,hydro,483137514.6883746,72230373.41768664,TENT B1,2.0227625898364012
100,0.25,23,4635783.154,0.4688709098350341,HEDJ 1,hydro,483137514.6883746,72230373.41768664,TENT B1,2.0227625898364012
100,0.3,0,4619197.168,0.5565293842824537,HEDJ 1,hydro,482717610.7579954,72376704.3260634,TENT B1,2.2338847493586846
100,0.3,1,4461630.298,0.5565293842824537,HEDJ 1,hydro,482717610.7579954,72376704.3260634,TENT B1,2.2338847493586846
100,0.3,2,4469923.292,0.5565293842824537,HEDJ 1,hydro,482717610.7579954,72376704.3260634,TENT B1,2.2338847493586846
100,0.3,3,4386993.36,0.5565293842824537,HEDJ 1,hydro,482717610.7579954,72376704.3260634,TENT B1,2.2338847493586846
100,0.3,4,4254305.47,0.5565293842824537,HEDJ 1,hydro,482717610.7579954,72376704.3260634,TENT B1,2.2338847493586846
100,0.3,5,4204547.512,0.5565293842824537,HEDJ 1,hydro,482717610.7579954,72376704.3260634,TENT B1,2.2338847493586846
100,0.3,6,4672900.0,0.5565293842824537,HEDJ 1,hydro,482717610.7579954,72376704.3260634,TENT B1,2.2338847493586846
100,0.3,7,5038100.0,2.640244076897524,mixed,mixed,482717610.7579954,72376704.3260634,TENT B1,2.2338847493586846
100,0.3,8,5071300.0,5.178682897804666,TETO NS,thermal-gas,482717610.7579954,72376704.3260634,TENT B1,2.2338847493586846
100,0.3,9,5046400.0,5.178682897804666,TETO NS,thermal-gas,482717610.7579954,72376704.3260634,TENT B1,2.2338847493586846
100,0.3,10,5046400.0,5.178682897804666,TETO NS,thermal-gas,482717610.7579954,72376704.3260634,TENT B1,2.2338847493586846
100,0.3,11,5029800.0,1.9869999999999999,New Solar,solar,482717610.7579954,72376704.3260634,TENT B1,2.2338847493586846
100,0.3,12,4980000.0,1.9869999999999999,New Solar,solar,482717610.7579954,72376704.3260634,TENT B1,2.2338847493586846
100,0.3,13,4963400.0,1.9869999999999999,New Solar,solar,482717610.7579954,72376704.3260634,TENT B1,2.2338847493586846
100,0.3,14,4921900.0,0.5838150548453873,Vrla 1,hydro,482717610.7579954,72376704.3260634,TENT B1,2.2338847493586846
100,0.3,15,4921900.0,0.5838150548453873,Vrla 1,hydro,482717610.7579954,72376704.3260634,TENT B1,2.2338847493586846
100,0.3,16,4921900.0,0.5838150548453873,Vrla 1,hydro,482717610.7579954,72376704.3260634,TENT B1,2.2338847493586846
100,0.3,17,5096200.0,5.178682897804666,TETO NS,thermal-gas,482717610.7579954,72376704.3260634,TENT B1,2.2338847493586846
100,0.3,18,5187500.0,5.178682897804666,TETO NS,thermal-gas,482717610.7579954,72376704.3260634,TENT B1,2.2338847493586846
100,0.3,19,5174827.707,5.1786828978046655,TETO NS,thermal-gas,482717610.7579954,72376704.3260634,TENT B1,2.2338847493586846
100,0.3,20,5158241.72,5.1786828978046655,TETO NS,thermal-gas,482717610.7579954,72376704.3260634,TENT B1,2.2338847493586846
100,0.3,21,4967502.879,2.001,New Solar,solar,482717610.7579954,72376704.3260634,TENT B1,2.2338847493586846
100,0.3,22,4793350.023,0.5565293842824537,HEDJ 1,hydro,482717610.7579954,72376704.3260634,TENT B1,2.2338847493586846
100,0.3,23,4635783.154,0.5565293842824537,HEDJ 1,hydro,482717610.7579954,72376704.3260634,TENT B1,2.2338847493586846
100,0.35,0,4619197.168,0.644187858729873,HEDJ 1,hydro,482373740.1212055,72528293.77726185,TENT B1,2.445006908880968
100,0.35,1,4461630.298,0.644187858729873,HEDJ 1,hydro,482373740.1212055,72528293.77726185,TENT B1,2.445006908880968
100,0.35,2,4469923.292,0.644187858729873,HEDJ 1,hydro,482373740.1212055,72528293.77726185,TENT B1,2.445006908880968
100,0.35,3,4386993.36,0.644187858729873,HEDJ 1,hydro,482373740.1212055,72528293.77726185,TENT B1,2.445006908880968
100,0.35,4,4254305.47,0.644187858729873,HEDJ 1,hydro,482373740.1212055,72528293.77726185,TENT B1,2.445006908880968
100,0.35,5,4204547.512,0.644187858729873,HEDJ 1,hydro,482373740.1212055,72528293.77726185,TENT B1,2.445006908880968
100,0.35,6,4672900.0,0.644187858729873,HEDJ 1,hydro,482373740.1212055,72528293.77726185,TENT B1,2.445006908880968
100,0.35,7,5038100.0,2.3164999999999996,New Solar,solar,482373740.1212055,72528293.77726185,TENT B1,2.445006908880968
100,0.35,8,5071300.0,5.9345368180903835,TETO NS,thermal-gas,482373740.1212055,72528293.77726185,TENT B1,2.445006908880968
100,0.35,9,5046400.0,3.65244035920633,mixed,mixed,482373740.1212055,72528293.77726185,TENT B1,2.445006908880968
100,0.35,10,5046400.0,5.9345368180903835,TETO NS,thermal-gas,482373740.1212055,72528293.77726185,TENT B1,2.445006908880968
100,0.35,11,5029800.0,2.3164999999999996,New Solar,solar,482373740.1212055,72528293.77726185,TENT B1,2.445006908880968
100,0.35,12,4980000.0,2.3164999999999996,New Solar,solar,482373740.1212055,72528293.77726185,TENT B1,2.445006908880968
100,0.35,13,4963400.0,2.3164999999999996,New Solar,solar,482373740.1212055,72528293.77726185,TENT B1,2.445006908880968
100,0.35,14,4921900.0,0.6757712722752467,Vrla 1,hydro,482373740.1212055,72528293.77726185,TENT B1,2.445006908880968
100,0.35,15,4921900.0,0.6757712722752467,Vrla 1,hydro,482373740.1212055,72528293.77726185,TENT B1,2.445006908880968
100,0.35,16,4921900.0,0.6757712722752467,Vrla 1,hydro,482373740.1212055,72528293.77726185,TENT B1,2.445006908880968
100,0.35,17,5096200.0,5.9345368180903835,TETO NS,thermal-gas,482373740.1212055,72528293.77726185,TENT B1,2.445006908880968
100,0.35,18,5187500.0,5.9345368180903835,TETO NS,thermal-gas,482373740.1212055,72528293.77726185,TENT B1,2.445006908880968
100,0.35,19,5174827.707,5.934536818090383,TETO NS,thermal-gas,482373740.1212055,72528293.77726185,TENT B1,2.445006908880968
100,0.35,20,5158241.72,5.934536818090383,TETO NS,thermal-gas,482373740.1212055,72528293.77726185,TENT B1,2.445006908880968
100,0.35,21,4967502.879,2.3295,New Solar,solar,482373740.1212055,72528293.77726185,TENT B1,2.445006908880968
100,0.35,22,4793350.023,0.644187858729873,HEDJ 1,hydro,482373740.1212055,72528293.77726185,TENT B1,2.445006908880968
100,0.35,23,4635783.154,0.644187858729873,HEDJ 1,hydro,482373740.1212055,72528293.77726185,TENT B1,2.445006908880968
100,0.4,0,4619197.168,0.7318463331772924,HEDJ 1,hydro,482373740.1212055,72528293.77726185,TENT B1,2.6561290684032515
100,0.4,1,4461630.298,0.7318463331772924,HEDJ 1,hydro,482373740.1212055,72528293.77726185,TENT B1,2.6561290684032515
100,0.4,2,4469923.292,0.7318463331772924,HEDJ 1,hydro,482373740.1212055,72528293.77726185,TENT B1,2.6561290684032515
100,0.4,3,4386993.36,0.7318463331772924,HEDJ 1,hydro,482373740.1212055,72528293.77726185,TENT B1,2.6561290684032515
100,0.4,4,4254305.47,0.7318463331772924,HEDJ 1,hydro,482373740.1212055,72528293.77726185,TENT B1,2.6561290684032515
100,0.4,5,4204547.512,0.7318463331772924,HEDJ 1,hydro,482373740.1212055,72528293.77726185,TENT B1,2.6561290684032515
100,0.4,6,4672900.0,0.7318463331772924,HEDJ 1,hydro,482373740.1212055,72528293.77726185,TENT B1,2.6561290684032515
100,0.4,7,5038100.0,2.646,New Solar,solar,482373740.1212055,72528293.77726185,TENT B1,2.6561290684032515
100,0.4,8,5071300.0,6.690390738376102,TETO NS,thermal-gas,482373740.1212055,72528293.77726185,TENT B1,2.6561290684032515
100,0.4,9,5046400.0,4.825713898669324,mixed,mixed,482373740.1212055,72528293.77726185,TENT B1,2.6561290684032515
100,0.4,10,5046400.0,3.337630583417249,Solarna Elektrana,solar,482373740.1212055,72528293.77726185,TENT B1,2.6561290684032515
100,0.4,11,5029800.0,2.646,New Solar,solar,482373740.1212055,72528293.77726185,TENT B1,2.6561290684032515
100,0.4,12,4980000.0,2.646,New Solar,solar,482373740.1212055,72528293.77726185,TENT B1,2.6561290684032515
100,0.4,13,4963400.0,2.646,New Solar,solar,482373740.1212055,72528293.77726185,TENT B1,2.6561290684032515
100,0.4,14,4921900.0,0.7677274897051063,Vrla 1,hydro,482373740.1212055,72528293.77726185,TENT B1,2.6561290684032515
100,0.4,15,4921900.0,0.7677274897051063,Vrla 1,hydro,482373740.1212055,72528293.77726185,TENT B1,2.6561290684032515
100,0.4,16,4921900.0,0.7677274897051063,Vrla 1,hydro,482373740.1212055,72528293.77726185,TENT B1,2.6561290684032515
100,0.4,17,5096200.0,6.690390738376102,TETO NS,thermal-gas,482373740.1212055,72528293.77726185,TENT B1,2.6561290684032515
100,0.4,18,5187500.0,6.690390738376102,TETO NS,thermal-gas,482373740.1212055,72528293.77726185,TENT B1,2.6561290684032515
100,0.4,19,5174827.707,6.690390738376102,TETO NS,thermal-gas,482373740.1212055,72528293.77726185,TENT B1,2.6561290684032515
100,0.4,20,5158241.72,6.690390738376102,TETO NS,thermal-gas,482373740.1212055,72528293.77726185,TENT B1,2.6561290684032515
100,0.4,21,4967502.879,2.658,New Solar,solar,482373740.1212055,72528293.77726185,TENT B1,2.6561290684032515
100,0.4,22,4793350.023,0.7318463331772924,HEDJ 1,hydro,482373740.1212055,72528293.77726185,TENT B1,2.6561290684032515
100,0.4,23,4635783.154,0.7318463331772924,HEDJ 1,hydro,482373740.1212055,72528293.77726185,TENT B1,2.6561290684032515
100,0.45,0,4619197.168,0.8195048076247118,HEDJ 1,hydro,482252109.4652378,72621178.07794541,TENT B1,2.8672512279255344
100,0.45,1,4461630.298,0.8195048076247118,HEDJ 1,hydro,482252109.4652378,72621178.07794541,TENT B1,2.8672512279255344
100,0.45,2,4469923.292,0.8195048076247118,HEDJ 1,hydro,482252109.4652378,72621178.07794541,TENT B1,2.8672512279255344
100,0.45,3,4386993.36,0.8195048076247118,HEDJ 1,hydro,482252109.4652378,72621178.07794541,TENT B1,2.8672512279255344
100,0.45,4,4254305.47,0.8195048076247118,HEDJ 1,hydro,482252109.4652378,72621178.07794541,TENT B1,2.8672512279255344
100,0.45,5,4204547.512,0.8195048076247118,HEDJ 1,hydro,482252109.4652378,72621178.07794541,TENT B1,2.8672512279255344
100,0.45,6,4672900.0,0.8195048076247118,HEDJ 1,hydro,482252109.4652378,72621178.07794541,TENT B1,2.8672512279255344
100,0.45,7,5038100.0,2.9755,New Solar,solar,482252109.4652378,72621178.07794541,TENT B1,2.8672512279255344
100,0.45,8,5071300.0,7.44624465866182,TETO NS,thermal-gas,482252109.4652378,72621178.07794541,TENT B1,2.8672512279255344
100,0.45,9,5046400.0,2.9864541145566847,mixed,mixed,482252109.4652378,72621178.07794541,TENT B1,2.8672512279255344
100,0.45,10,5046400.0,3.7532576723197373,Solarna Elektrana,solar,482252109.4652378,72621178.07794541,TENT B1,2.8672512279255344
100,0.45,11,5029800.0,2.9755,New Solar,solar,482252109.4652378,72621178.07794541,TENT B1,2.8672512279255344
100,0.45,12,4980000.0,2.9755,New Solar,solar,482252109.4652378,72621178.07794541,TENT B1,2.8672512279255344
100,0.45,13,4963400.0,2.9755,New Solar,solar,482252109.4652378,72621178.07794541,TENT B1,2.8672512279255344
100,0.45,14,4921900.0,0.8596837071349657,Vrla 1,hydro,482252109.4652378,72621178.07794541,TENT B1,2.8672512279255344
100,0.45,15,4921900.0,0.8596837071349657,Vrla 1,hydro,482252109.4652378,72621178.07794541,TENT B1,2.8672512279255344
100,0.45,16,4921900.0,0.8596837071349657,Vrla 1,hydro,482252109.4652378,72621178.07794541,TENT B1,2.8672512279255344
100,0.45,17,5096200.0,7.44624465866182,TETO NS,thermal-gas,482252109.4652378,72621178.07794541,TENT B1,2.8672512279255344
100,0.45,18,5187500.0,7.44624465866182,TETO NS,thermal-gas,482252109.4652378,72621178.07794541,TENT B1,2.8672512279255344
100,0.45,19,5174827.707,7.44624465866182,TETO NS,thermal-gas,482252109.4652378,72621178.07794541,TENT B1,2.8672512279255344
100,0.45,20,5158241.72,7.44624465866182,TETO NS,thermal-gas,482252109.4652378,72621178.07794541,TENT B1,2.8672512279255344
100,0.45,21,4967502.879,2.9865,New Solar,solar,482252109.4652378,72621178.07794541,TENT B1,2.8672512279255344
100,0.45,22,4793350.023,0.8195048076247118,HEDJ 1,hydro,482252109.4652378,72621178.07794541,TENT B1,2.8672512279255344
100,0.45,23,4635783.154,0.8195048076247118,HEDJ 1,hydro,482252109.4652378,72621178.07794541,TENT B1,2.8672512279255344
100,0.5,0,4619197.168,0.9071632820721311,HEDJ 1,hydro,481876473.49345356,72953235.97912113,TENT B1,3.0783733874478183
100,0.5,1,4461630.298,0.9071632820721311,HEDJ 1,hydro,481876473.49345356,72953235.97912113,TENT B1,3.0783733874478183
100,0.5,2,4469923.292,0.9071632820721311,HEDJ 1,hydro,481876473.49345356,72953235.97912113,TENT B1,3.0783733874478183
100,0.5,3,4386993.36,0.9071632820721311,HEDJ 1,hydro,481876473.49345356,72953235.97912113,TENT B1,3.0783733874478183
100,0.5,4,4254305.47,0.9071632820721311,HEDJ 1,hydro,481876473.49345356,72953235.97912113,TENT B1,3.0783733874478183
100,0.5,5,4204547.512,0.9071632820721311,HEDJ 1,hydro,481876473.49345356,72953235.97912113,TENT B1,3.0783733874478183
100,0.5,6,4672900.0,0.9071632820721311,HEDJ 1,hydro,481876473.49345356,72953235.97912113,TENT B1,3.0783733874478183
100,0.5,7,5038100.0,3.3049999999999997,New Solar,solar,481876473.49345356,72953235.97912113,TENT B1,3.0783733874478183
100,0.5,8,5071300.0,8.202098578947538,TETO NS,thermal-gas,481876473.49345356,72953235.97912113,TENT B1,3.0783733874478183
100,0.5,9,5046400.0,3.3049999999999997,New Solar,solar,481876473.49345356,72953235.97912113,TENT B1,3.0783733874478183
100,0.5,10,5046400.0,3.3049999999999997,New Solar,solar,481876473.49345356,72953235.97912113,TENT B1,3.0783733874478183
100,0.5,11,5029800.0,3.3049999999999997,New Solar,solar,481876473.49345356,72953235.97912113,TENT B1,3.0783733874478183
100,0.5,12,4980000.0,3.3049999999999997,New Solar,solar,481876473.49345356,72953235.97912113,TENT B1,3.0783733874478183
100,0.5,13,4963400.0,2.02901957942292,mixed,mixed,481876473.49345356,72953235.97912113,TENT B1,3.0783733874478183
100,0.5,14,4921900.0,0.9456597619792815,Vrla 2,hydro,481876473.49345356,72953235.97912113,TENT B1,3.0783733874478183
100,0.5,15,4921900.0,0.9456597619792815,Vrla 2,hydro,481876473.49345356,72953235.97912113,TENT B1,3.0783733874478183
100,0.5,16,4921900.0,0.9456597619792815,Vrla 2,hydro,481876473.49345356,72953235.97912113,TENT B1,3.0783733874478183
100,0.5,17,5096200.0,8.202098578947538,TETO NS,thermal-gas,481876473.49345356,72953235.97912113,TENT B1,3.0783733874478183
100,0.5,18,5187500.0,8.202098578947538,TETO NS,thermal-gas,481876473.49345356,72953235.97912113,TENT B1,3.0783733874478183
100,0.5,19,5174827.707,8.202098578947538,TETO NS,thermal-gas,481876473.49345356,72953235.97912113,TENT B1,3.0783733874478183
100,0.5,20,5158241.72,8.202098578947538,TETO NS,thermal-gas,481876473.49345356,72953235.97912113,TENT B1,3.0783733874478183
100,0.5,21,4967502.879,3.315,New Solar,solar,481876473.49345356,72953235.97912113,TENT B1,3.0783733874478183
100,0.5,22,4793350.023,0.9071632820721311,HEDJ 1,hydro,481876473.49345356,72953235.97912113,TENT B1,3.0783733874478183
100,0.5,23,4635783.154,0.9071632820721311,HEDJ 1,hydro,481876473.49345356,72953235.97912113,TENT B1,3.0783733874478183
100,0.55,0,4619197.168,0.9948217565195501,HEDJ 1,hydro,481821934.91863567,73014565.62519895,TENT B1,3.2894955469701013
100,0.55,1,4461630.298,0.9948217565195501,HEDJ 1,hydro,481821934.91863567,73014565.62519895,TENT B1,3.2894955469701013
100,0.55,2,4469923.292,0.9948217565195501,HEDJ 1,hydro,481821934.91863567,73014565.62519895,TENT B1,3.2894955469701013
100,0.55,3,4386993.36,0.9948217565195501,HEDJ 1,hydro,481821934.91863567,73014565.62519895,TENT B1,3.2894955469701013
100,0.55,4,4254305.47,0.9948217565195501,HEDJ 1,hydro,481821934.91863567,73014565.62519895,TENT B1,3.2894955469701013
100,0.55,5,4204547.512,0.9948217565195501,HEDJ 1,hydro,481821934.91863567,73014565.62519895,TENT B1,3.2894955469701013
100,0.55,6,4672900.0,0.9948217565195501,HEDJ 1,hydro,481821934.91863567,73014565.62519895,TENT B1,3.2894955469701013
100,0.55,7,5038100.0,3.6345,New Solar,solar,481821934.91863567,73014565.62519895,TENT B1,3.2894955469701013
100,0.55,8,5071300.0,8.215937949304692,mixed,mixed,481821934.91863567,73014565.62519895,TENT B1,3.2894955469701013
100,0.55,9,5046400.0,3.6345,New Solar,solar,481821934.91863567,73014565.62519895,TENT B1,3.2894955469701013
100,0.55,10,5046400.0,3.6345,New Solar,solar,481821934.91863567,73014565.62519895,TENT B1,3.2894955469701013
100,0.55,11,5029800.0,3.6345,New Solar,solar,481821934.91863567,73014565.62519895,TENT B1,3.2894955469701013
100,0.55,12,4980000.0,3.6345,New Solar,solar,481821934.91863567,73014565.62519895,TENT B1,3.2894955469701013
100,0.55,13,4963400.0,1.0435961419946849,Vrla 1,hydro,481821934.91863567,73014565.62519895,TENT B1,3.2894955469701013
100,0.55,14,4921900.0,1.029051076791358,Vrla 3,hydro,481821934.91863567,73014565.62519895,TENT B1,3.2894955469701013
100,0.55,15,4921900.0,1.029051076791358,Vrla 3,hydro,481821934.91863567,73014565.62519895,TENT B1,3.2894955469701013
100,0.55,16,4921900.0,1.029051076791358,Vrla 3,hydro,481821934.91863567,73014565.62519895,TENT B1,3.2894955469701013
100,0.55,17,5096200.0,8.957952499233258,TETO NS,thermal-gas,481821934.91863567,73014565.62519895,TENT B1,3.2894955469701013
100,0.55,18,5187500.0,8.957952499233258,TETO NS,thermal-gas,481821934.91863567,73014565.62519895,TENT B1,3.2894955469701013
100,0.55,19,5174827.707,8.957952499233256,TETO NS,thermal-gas,481821934.91863567,73014565.62519895,TENT B1,3.2894955469701013
100,0.55,20,5158241.72,8.957952499233256,TETO NS,thermal-gas,481821934.91863567,73014565.62519895,TENT B1,3.2894955469701013
100,0.55,21,4967502.879,3.6435,New Solar,solar,481821934.91863567,73014565.62519895,TENT B1,3.2894955469701013
100,0.55,22,4793350.023,0.9948217565195501,HEDJ 1,hydro,481821934.91863567,73014565.62519895,TENT B1,3.2894955469701013
100,0.55,23,4635783.154,0.9948217565195501,HEDJ 1,hydro,481821934.91863567,73014565.62519895,TENT B1,3.2894955469701013
100,0.6,0,4619197.168,1.0824802309669699,HEDJ 1,hydro,481821934.91863567,73014565.62519895,TENT B1,3.5006177064923842
100,0.6,1,4461630.298,1.0824802309669699,HEDJ 1,hydro,481821934.91863567,73014565.62519895,TENT B1,3.5006177064923842
100,0.6,2,4469923.292,1.0824802309669699,HEDJ 1,hydro,481821934.91863567,73014565.62519895,TENT B1,3.5006177064923842
100,0.6,3,4386993.36,1.0824802309669699,HEDJ 1,hydro,481821934.91863567,73014565.62519895,TENT B1,3.5006177064923842
100,0.6,4,4254305.47,1.0824802309669699,HEDJ 1,hydro,481821934.91863567,73014565.62519895,TENT B1,3.5006177064923842
100,0.6,5,4204547.512,1.0824802309669699,HEDJ 1,hydro,481821934.91863567,73014565.62519895,TENT B1,3.5006177064923842
100,0.6,6,4672900.0,1.0824802309669699,HEDJ 1,hydro,481821934.91863567,73014565.62519895,TENT B1,3.5006177064923842
100,0.6,7,5038100.0,3.9639999999999995,New Solar,solar,481821934.91863567,73014565.62519895,TENT B1,3.5006177064923842
100,0.6,8,5071300.0,7.130547861481613,mixed,mixed,481821934.91863567,73014565.62519895,TENT B1,3.5006177064923842
100,0.6,9,5046400.0,3.9639999999999995,New Solar,solar,481821934.91863567,73014565.62519895,TENT B1,3.5006177064923842
100,0.6,10,5046400.0,3.9639999999999995,New Solar,solar,481821934.91863567,73014565.62519895,TENT B1,3.5006177064923842
100,0.6,11,5029800.0,3.9639999999999995,New Solar,solar,481821934.91863567,73014565.62519895,TENT B1,3.5006177064923842
100,0.6,12,4980000.0,3.9639999999999995,New Solar,solar,481821934.91863567,73014565.62519895,TENT B1,3.5006177064923842
100,0.6,13,4963400.0,1.1355523594245445,Vrla 1,hydro,481821934.91863567,73014565.62519895,TENT B1,3.5006177064923842
100,0.6,14,4921900.0,1.1197256593774814,Vrla 3,hydro,481821934.91863567,73014565.62519895,TENT B1,3.5006177064923842
100,0.6,15,4921900.0,1.1197256593774814,Vrla 3,hydro,481821934.91863567,73014565.62519895,TENT B1,3.5006177064923842
100,0.6,16,4921900.0,1.1197256593774814,Vrla 3,hydro,481821934.91863567,73014565.62519895,TENT B1,3.5006177064923842
100,0.6,17,5096200.0,9.713806419518974,TETO NS,thermal-gas,481821934.91863567,73014565.62519895,TENT B1,3.5006177064923842
100,0.6,18,5187500.0,9.713806419518974,TETO NS,thermal-gas,481821934.91863567,73014565.62519895,TENT B1,3.5006177064923842
100,0.6,19,5174827.707,9.713806419518974,TETO NS,thermal-gas,481821934.91863567,73014565.62519895,TENT B1,3.5006177064923842
100,0.6,20,5158241.72,9.713806419518974,TETO NS,thermal-gas,481821934.91863567,73014565.62519895,TENT B1,3.5006177064923842
100,0.6,21,4967502.879,3.9719999999999995,New Solar,solar,481821934.91863567,73014565.62519895,TENT B1,3.5006177064923842
100,0.6,22,4793350.023,1.0824802309669699,HEDJ 1,hydro,481821934.91863567,73014565.62519895,TENT B1,3.5006177064923842
100,0.6,23,4635783.154,1.0824802309669699,HEDJ 1,hydro,481821934.91863567,73014565.62519895,TENT B1,3.5006177064923842
100,0.65,0,4619197.168,1.1701387054143897,HEDJ 1,hydro,481821934.91863567,73014565.62519895,TENT B1,3.711739866014668
100,0.65,1,4461630.298,1.1701387054143897,HEDJ 1,hydro,481821934.91863567,73014565.62519895,TENT B1,3.711739866014668
100,0.65,2,4469923.292,1.1701387054143897,HEDJ 1,hydro,481821934.91863567,73014565.62519895,TENT B1,3.711739866014668
100,0.65,3,4386993.36,1.1701387054143897,HEDJ 1,hydro,481821934.91863567,73014565.62519895,TENT B1,3.711739866014668
100,0.65,4,4254305.47,1.1701387054143897,HEDJ 1,hydro,481821934.91863567,73014565.62519895,TENT B1,3.711739866014668
100,0.65,5,4204547.512,1.1701387054143897,HEDJ 1,hydro,481821934.91863567,73014565.62519895,TENT B1,3.711739866014668
100,0.65,6,4672900.0,1.1701387054143897,HEDJ 1,hydro,481821934.91863567,73014565.62519895,TENT B1,3.711739866014668
100,0.65,7,5038100.0,4.2935,New Solar,solar,481821934.91863567,73014565.62519895,TENT B1,3.711739866014668
100,0.65,8,5071300.0,6.045157773658536,mixed,mixed,481821934.91863567,73014565.62519895,TENT B1,3.711739866014668
100,0.65,9,5046400.0,4.2935,New Solar,solar,481821934.91863567,73014565.62519895,TENT B1,3.711739866014668
100,0.65,10,5046400.0,4.2935,New Solar,solar,481821934.91863567,73014565.62519895,TENT B1,3.711739866014668
100,0.65,11,5029800.0,4.2935,New Solar,solar,481821934.91863567,73014565.62519895,TENT B1,3.711739866014668
100,0.65,12,4980000.0,4.2935,New Solar,solar,481821934.91863567,73014565.62519895,TENT B1,3.711739866014668
100,0.65,13,4963400.0,1.227508576854404,Vrla 1,hydro,481821934.91863567,73014565.62519895,TENT B1,3.711739866014668
100,0.65,14,4921900.0,1.2104002419636055,Vrla 3,hydro,481821934.91863567,73014565.62519895,TENT B1,3.711739866014668
100,0.65,15,4921900.0,1.2104002419636055,Vrla 3,hydro,481821934.91863567,73014565.62519895,TENT B1,3.711739866014668
100,0.65,16,4921900.0,1.2104002419636055,Vrla 3,hydro,481821934.91863567,73014565.62519895,TENT B1,3.711739866014668
100,0.65,17,5096200.0,10.469660339804692,TETO NS,thermal-gas,481821934.91863567,73014565.62519895,TENT B1,3.711739866014668
100,0.65,18,5187500.0,10.469660339804692,TETO NS,thermal-gas,481821934.91863567,73014565.62519895,TENT B1,3.711739866014668
100,0.65,19,5174827.707,10.469660339804692,TETO NS,thermal-gas,481821934.91863567,73014565.62519895,TENT B1,3.711739866014668
100,0.65,20,5158241.72,10.469660339804692,TETO NS,thermal-gas,481821934.91863567,73014565.62519895,TENT B1,3.711739866014668
100,0.65,21,4967502.879,4.3004999999999995,New Solar,solar,481821934.91863567,73014565.62519895,TENT B1,3.711739866014668
100,0.65,22,4793350.023,1.1701387054143897,HEDJ 1,hydro,481821934.91863567,73014565.62519895,TENT B1,3.711739866014668
100,0.65,23,4635783.154,1.1701387054143897,HEDJ 1,hydro,481821934.91863567,73014565.62519895,TENT B1,3.711739866014668
100,0.7,0,4619197.168,1.257797179861809,HEDJ 1,hydro,481812456.7756468,73033893.40746325,TENT B1,3.922862025536951
100,0.7,1,4461630.298,1.257797179861809,HEDJ 1,hydro,481812456.7756468,73033893.40746325,TENT B1,3.922862025536951
100,0.7,2,4469923.292,1.257797179861809,HEDJ 1,hydro,481812456.7756468,73033893.40746325,TENT B1,3.922862025536951
100,0.7,3,4386993.36,1.257797179861809,HEDJ 1,hydro,481812456.7756468,73033893.40746325,TENT B1,3.922862025536951
100,0.7,4,4254305.47,1.257797179861809,HEDJ 1,hydro,481812456.7756468,73033893.40746325,TENT B1,3.922862025536951
100,0.7,5,4204547.512,1.257797179861809,HEDJ 1,hydro,481812456.7756468,73033893.40746325,TENT B1,3.922862025536951
100,0.7,6,4672900.0,1.257797179861809,HEDJ 1,hydro,481812456.7756468,73033893.40746325,TENT B1,3.922862025536951
100,0.7,7,5038100.0,4.622999999999999,New Solar,solar,481812456.7756468,73033893.40746325,TENT B1,3.922862025536951
100,0.7,8,5071300.0,5.831393116832177,Solarna Elektrana,solar,481812456.7756468,73033893.40746325,TENT B1,3.922862025536951
100,0.7,9,5046400.0,4.622999999999999,New Solar,solar,481812456.7756468,73033893.40746325,TENT B1,3.922862025536951
100,0.7,10,5046400.0,4.622999999999999,New Solar,solar,481812456.7756468,73033893.40746325,TENT B1,3.922862025536951
100,0.7,11,5029800.0,4.622999999999999,New Solar,solar,481812456.7756468,73033893.40746325,TENT B1,3.922862025536951
100,0.7,12,4980000.0,4.622999999999999,New Solar,solar,481812456.7756468,73033893.40746325,TENT B1,3.922862025536951
100,0.7,13,4963400.0,1.3194647942842637,Vrla 1,hydro,481812456.7756468,73033893.40746325,TENT B1,3.922862025536951
100,0.7,14,4921900.0,1.3010748245497288,Vrla 3,hydro,481812456.7756468,73033893.40746325,TENT B1,3.922862025536951
100,0.7,15,4921900.0,1.3010748245497288,Vrla 3,hydro,481812456.7756468,73033893.40746325,TENT B1,3.922862025536951
100,0.7,16,4921900.0,1.3010748245497288,Vrla 3,hydro,481812456.7756468,73033893.40746325,TENT B1,3.922862025536951
100,0.7,17,5096200.0,11.225514260090407,TETO NS,thermal-gas,481812456.7756468,73033893.40746325,TENT B1,3.922862025536951
100,0.7,18,5187500.0,11.225514260090407,TETO NS,thermal-gas,481812456.7756468,73033893.40746325,TENT B1,3.922862025536951
100,0.7,19,5174827.707,11.225514260090407,TETO NS,thermal-gas,481812456.7756468,73033893.40746325,TENT B1,3.922862025536951
100,0.7,20,5158241.72,11.225514260090407,TETO NS,thermal-gas,481812456.7756468,73033893.40746325,TENT B1,3.922862025536951
100,0.7,21,4967502.879,3.7573745690032854,mixed,mixed,481812456.7756468,73033893.40746325,TENT B1,3.922862025536951
100,0.7,22,4793350.023,1.257797179861809,HEDJ 1,hydro,481812456.7756468,73033893.40746325,TENT B1,3.922862025536951
100,0.7,23,4635783.154,1.257797179861809,HEDJ 1,hydro,481812456.7756468,73033893.40746325,TENT B1,3.922862025536951
100,0.75,0,4619197.168,1.3454556543092284,HEDJ 1,hydro,481812456.7756468,73033893.40746325,TENT B1,4.1339841850592345
100,0.75,1,4461630.298,1.3454556543092284,HEDJ 1,hydro,481812456.7756468,73033893.40746325,TENT B1,4.1339841850592345
100,0.75,2,4469923.292,1.3454556543092284,HEDJ 1,hydro,481812456.7756468,73033893.40746325,TENT B1,4.1339841850592345
100,0.75,3,4386993.36,1.3454556543092284,HEDJ 1,hydro,481812456.7756468,73033893.40746325,TENT B1,4.1339841850592345
100,0.75,4,4254305.47,1.3454556543092284,HEDJ 1,hydro,481812456.7756468,73033893.40746325,TENT B1,4.1339841850592345
100,0.75,5,4204547.512,1.3454556543092284,HEDJ 1,hydro,481812456.7756468,73033893.40746325,TENT B1,4.1339841850592345
100,0.75,6,4672900.0,1.3454556543092284,HEDJ 1,hydro,481812456.7756468,73033893.40746325,TENT B1,4.1339841850592345
100,0.75,7,5038100.0,4.9525,New Solar,solar,481812456.7756468,73033893.40746325,TENT B1,4.1339841850592345
100,0.75,8,5071300.0,6.247020205734666,Solarna Elektrana,solar,481812456.7756468,73033893.40746325,TENT B1,4.1339841850592345
100,0.75,9,5046400.0,4.9525,New Solar,solar,481812456.7756468,73033893.40746325,TENT B1,4.1339841850592345
100,0.75,10,5046400.0,4.9525,New Solar,solar,481812456.7756468,73033893.40746325,TENT B1,4.1339841850592345
100,0.75,11,5029800.0,4.9525,New Solar,solar,481812456.7756468,73033893.40746325,TENT B1,4.1339841850592345
100,0.75,12,4980000.0,4.9525,New Solar,solar,481812456.7756468,73033893.40746325,TENT B1,4.1339841850592345
100,0.75,13,4963400.0,1.4114210117141224,Vrla 1,hydro,481812456.7756468,73033893.40746325,TENT B1,4.1339841850592345
100,0.75,14,4921900.0,1.3917494071358525,Vrla 3,hydro,481812456.7756468,73033893.40746325,TENT B1,4.1339841850592345
100,0.75,15,4921900.0,1.3917494071358525,Vrla 3,hydro,481812456.7756468,73033893.40746325,TENT B1,4.1339841850592345
100,0.75,16,4921900.0,1.3917494071358525,Vrla 3,hydro,481812456.7756468,73033893.40746325,TENT B1,4.1339841850592345
100,0.75,17,5096200.0,11.981368180376128,TETO NS,thermal-gas,481812456.7756468,73033893.40746325,TENT B1,4.1339841850592345
100,0.75,18,5187500.0,11.981368180376128,TETO NS,thermal-gas,481812456.7756468,73033893.40746325,TENT B1,4.1339841850592345
100,0.75,19,5174827.707,11.981368180376128,TETO NS,thermal-gas,481812456.7756468,73033893.40746325,TENT B1,4.1339841850592345
100,0.75,20,5158241.72,11.981368180376128,TETO NS,thermal-gas,481812456.7756468,73033893.40746325,TENT B1,4.1339841850592345
100,0.75,21,4967502.879,2.584857392277722,mixed,mixed,481812456.7756468,73033893.40746325,TENT B1,4.1339841850592345
100,0.75,22,4793350.023,1.3454556543092284,HEDJ 1,hydro,481812456.7756468,73033893.40746325,TENT B1,4.1339841850592345
100,0.75,23,4635783.154,1.3454556543092284,HEDJ 1,hydro,481812456.7756468,73033893.40746325,TENT B1,4.1339841850592345
100,0.8,0,4619197.168,1.4331141287566482,HEDJ 1,hydro,481792905.66317546,73110369.46456939,TENT B1,4.345106344581518
100,0.8,1,4461630.298,1.4331141287566482,HEDJ 1,hydro,481792905.66317546,73110369.46456939,TENT B1,4.345106344581518
100,0.8,2,4469923.292,1.4331141287566482,HEDJ 1,hydro,481792905.66317546,73110369.46456939,TENT B1,4.345106344581518
100,0.8,3,4386993.36,1.4331141287566482,HEDJ 1,hydro,481792905.66317546,73110369.46456939,TENT B1,4.345106344581518
100,0.8,4,4254305.47,1.4331141287566482,HEDJ 1,hydro,481792905.66317546,73110369.46456939,TENT B1,4.345106344581518
100,0.8,5,4204547.512,1.4331141287566482,HEDJ 1,hydro,481792905.66317546,73110369.46456939,TENT B1,4.345106344581518
100,0.8,6,4672900.0,1.4331141287566482,HEDJ 1,hydro,481792905.66317546,73110369.46456939,TENT B1,4.345106344581518
100,0.8,7,5038100.0,5.282,New Solar,solar,481792905.66317546,73110369.46456939,TENT B1,4.345106344581518
100,0.8,8,5071300.0,6.571610281045323,mixed,mixed,481792905.66317546,73110369.46456939,TENT B1,4.345106344581518
100,0.8,9,5046400.0,5.282,New Solar,solar,481792905.66317546,73110369.46456939,TENT B1,4.345106344581518
100,0.8,10,5046400.0,5.282,New Solar,solar,481792905.66317546,73110369.46456939,TENT B1,4.345106344581518
100,0.8,11,5029800.0,5.282,New Solar,solar,481792905.66317546,73110369.46456939,TENT B1,4.345106344581518
100,0.8,12,4980000.0,5.282,New Solar,solar,481792905.66317546,73110369.46456939,TENT B1,4.345106344581518
100,0.8,13,4963400.0,1.5033772291439824,Vrla 1,hydro,481792905.66317546,73110369.46456939,TENT B1,4.345106344581518
100,0.8,14,4921900.0,1.4824239897219766,Vrla 3,hydro,481792905.66317546,73110369.46456939,TENT B1,4.345106344581518
100,0.8,15,4921900.0,1.4824239897219766,Vrla 3,hydro,481792905.66317546,73110369.46456939,TENT B1,4.345106344581518
100,0.8,16,4921900.0,1.4824239897219766,Vrla 3,hydro,481792905.66317546,73110369.46456939,TENT B1,4.345106344581518
100,0.8,17,5096200.0,12.737222100661846,TETO NS,thermal-gas,481792905.66317546,73110369.46456939,TENT B1,4.345106344581518
100,0.8,18,5187500.0,12.737222100661846,TETO NS,thermal-gas,481792905.66317546,73110369.46456939,TENT B1,4.345106344581518
100,0.8,19,5174827.707,12.737222100661846,TETO NS,thermal-gas,481792905.66317546,73110369.46456939,TENT B1,4.345106344581518
100,0.8,20,5158241.72,12.737222100661846,TETO NS,thermal-gas,481792905.66317546,73110369.46456939,TENT B1,4.345106344581518
100,0.8,21,4967502.879,1.5033772291439824,Vrla 1,hydro,481792905.66317546,73110369.46456939,TENT B1,4.345106344581518
100,0.8,22,4793350.023,1.4331141287566482,HEDJ 1,hydro,481792905.66317546,73110369.46456939,TENT B1,4.345106344581518
100,0.8,23,4635783.154,1.4331141287566482,HEDJ 1,hydro,481792905.66317546,73110369.46456939,TENT B1,4.345106344581518
100,0.85,0,4619197.168,1.5207726032040672,HEDJ 1,hydro,481792905.66317546,73110369.46456939,TENT B1,4.556228504103801
100,0.85,1,4461630.298,1.5207726032040672,HEDJ 1,hydro,481792905.66317546,73110369.46456939,TENT B1,4.556228504103801
100,0.85,2,4469923.292,1.5207726032040672,HEDJ 1,hydro,481792905.66317546,73110369.46456939,TENT B1,4.556228504103801
100,0.85,3,4386993.36,1.5207726032040672,HEDJ 1,hydro,481792905.66317546,73110369.46456939,TENT B1,4.556228504103801
100,0.85,4,4254305.47,1.5207726032040672,HEDJ 1,hydro,481792905.66317546,73110369.46456939,TENT B1,4.556228504103801
100,0.85,5,4204547.512,1.5207726032040672,HEDJ 1,hydro,481792905.66317546,73110369.46456939,TENT B1,4.556228504103801
100,0.85,6,4672900.0,1.5207726032040672,HEDJ 1,hydro,481792905.66317546,73110369.46456939,TENT B1,4.556228504103801
100,0.85,7,5038100.0,5.6114999999999995,New Solar,solar,481792905.66317546,73110369.46456939,TENT B1,4.556228504103801
100,0.85,8,5071300.0,5.722763975792412,mixed,mixed,481792905.66317546,73110369.46456939,TENT B1,4.556228504103801
100,0.85,9,5046400.0,5.6114999999999995,New Solar,solar,481792905.66317546,73110369.46456939,TENT B1,4.556228504103801
100,0.85,10,5046400.0,5.6114999999999995,New Solar,solar,481792905.66317546,73110369.46456939,TENT B1,4.556228504103801
100,0.85,11,5029800.0,5.6114999999999995,New Solar,solar,481792905.66317546,73110369.46456939,TENT B1,4.556228504103801
100,0.85,12,4980000.0,5.6114999999999995,New Solar,solar,481792905.66317546,73110369.46456939,TENT B1,4.556228504103801
100,0.85,13,4963400.0,1.595333446573842,Vrla 1,hydro,481792905.66317546,73110369.46456939,TENT B1,4.556228504103801
100,0.85,14,4921900.0,1.5730985723081004,Vrla 3,hydro,481792905.66317546,73110369.46456939,TENT B1,4.556228504103801
100,0.85,15,4921900.0,1.5730985723081004,Vrla 3,hydro,481792905.66317546,73110369.46456939,TENT B1,4.556228504103801
100,0.85,16,4921900.0,1.5730985723081004,Vrla 3,hydro,481792905.66317546,73110369.46456939,TENT B1,4.556228504103801
100,0.85,17,5096200.0,13.493076020947562,TETO NS,thermal-gas,481792905.66317546,73110369.46456939,TENT B1,4.556228504103801
100,0.85,18,5187500.0,13.493076020947562,TETO NS,thermal-gas,481792905.66317546,73110369.46456939,TENT B1,4.556228504103801
100,0.85,19,5174827.707,13.493076020947562,TETO NS,thermal-gas,481792905.66317546,73110369.46456939,TENT B1,4.556228504103801
100,0.85,20,5158241.72,13.493076020947562,TETO NS,thermal-gas,481792905.66317546,73110369.46456939,TENT B1,4.556228504103801
100,0.85,21,4967502.879,1.595333446573842,Vrla 1,hydro,481792905.66317546,73110369.46456939,TENT B1,4.556228504103801
100,0.85,22,4793350.023,1.5207726032040672,HEDJ 1,hydro,481792905.66317546,73110369.46456939,TENT B1,4.556228504103801
100,0.85,23,4635783.154,1.5207726032040672,HEDJ 1,hydro,481792905.66317546,73110369.46456939,TENT B1,4.556228504103801
100,0.9,0,4619197.168,1.6084310776514865,HEDJ 1,hydro,481763126.6496866,73285615.01390836,TENT B1,4.767350663626085
100,0.9,1,4461630.298,1.6084310776514865,HEDJ 1,hydro,481763126.6496866,73285615.01390836,TENT B1,4.767350663626085
100,0.9,2,4469923.292,1.6084310776514865,HEDJ 1,hydro,481763126.6496866,73285615.01390836,TENT B1,4.767350663626085
100,0.9,3,4386993.36,1.6084310776514865,HEDJ 1,hydro,481763126.6496866,73285615.01390836,TENT B1,4.767350663626085
100,0.9,4,4254305.47,1.6084310776514865,HEDJ 1,hydro,481763126.6496866,73285615.01390836,TENT B1,4.767350663626085
100,0.9,5,4204547.512,1.6069319023102908,Zvornik,hydro,481763126.6496866,73285615.01390836,TENT B1,4.767350663626085
100,0.9,6,4672900.0,1.6084310776514865,HEDJ 1,hydro,481763126.6496866,73285615.01390836,TENT B1,4.767350663626085
100,0.9,7,5038100.0,5.941,New Solar,solar,481763126.6496866,73285615.01390836,TENT B1,4.767350663626085
100,0.9,8,5071300.0,5.941,New Solar,solar,481763126.6496866,73285615.01390836,TENT B1,4.767350663626085
100,0.9,9,5046400.0,5.941,New Solar,solar,481763126.6496866,73285615.01390836,TENT B1,4.767350663626085
100,0.9,10,5046400.0,5.941,New Solar,solar,481763126.6496866,73285615.01390836,TENT B1,4.767350663626085
100,0.9,11,5029800.0,5.941,New Solar,solar,481763126.6496866,73285615.01390836,TENT B1,4.767350663626085
100,0.9,12,4980000.0,4.8754168458806575,mixed,mixed,481763126.6496866,73285615.01390836,TENT B1,4.767350663626085
100,0.9,13,4963400.0,1.6872896640037016,Vrla 1,hydro,481763126.6496866,73285615.01390836,TENT B1,4.767350663626085
100,0.9,14,4921900.0,1.6637731548942245,Vrla 3,hydro,481763126.6496866,73285615.01390836,TENT B1,4.767350663626085
100,0.9,15,4921900.0,1.6637731548942245,Vrla 3,hydro,481763126.6496866,73285615.01390836,TENT B1,4.767350663626085
100,0.9,16,4921900.0,1.6637731548942245,Vrla 3,hydro,481763126.6496866,73285615.01390836,TENT B1,4.767350663626085
100,0.9,17,5096200.0,14.248929941233282,TETO NS,thermal-gas,481763126.6496866,73285615.01390836,TENT B1,4.767350663626085
100,0.9,18,5187500.0,14.248929941233282,TETO NS,thermal-gas,481763126.6496866,73285615.01390836,TENT B1,4.767350663626085
100,0.9,19,5174827.707,14.24892994123328,TETO NS,thermal-gas,481763126.6496866,73285615.01390836,TENT B1,4.767350663626085
100,0.9,20,5158241.72,14.24892994123328,TETO NS,thermal-gas,481763126.6496866,73285615.01390836,TENT B1,4.767350663626085
100,0.9,21,4967502.879,1.6872896640037007,Vrla 1,hydro,481763126.6496866,73285615.01390836,TENT B1,4.767350663626085
100,0.9,22,4793350.023,1.6084310776514865,HEDJ 1,hydro,481763126.6496866,73285615.01390836,TENT B1,4.767350663626085
100,0.9,23,4635783.154,1.6084310776514865,HEDJ 1,hydro,481763126.6496866,73285615.01390836,TENT B1,4.767350663626085
100,0.95,0,4619197.168,1.6960895520989059,HEDJ 1,hydro,481763126.6496866,73285615.01390836,TENT B1,4.978472823148367
100,0.95,1,4461630.298,1.6960895520989059,HEDJ 1,hydro,481763126.6496866,73285615.01390836,TENT B1,4.978472823148367
100,0.95,2,4469923.292,1.6960895520989059,HEDJ 1,hydro,481763126.6496866,73285615.01390836,TENT B1,4.978472823148367
100,0.95,3,4386993.36,1.6960895520989059,HEDJ 1,hydro,481763126.6496866,73285615.01390836,TENT B1,4.978472823148367
100,0.95,4,4254305.47,1.6960895520989059,HEDJ 1,hydro,481763126.6496866,73285615.01390836,TENT B1,4.978472823148367
100,0.95,5,4204547.512,1.6945086726516632,Zvornik,hydro,481763126.6496866,73285615.01390836,TENT B1,4.978472823148367
100,0.95,6,4672900.0,1.6960895520989059,HEDJ 1,hydro,481763126.6496866,73285615.01390836,TENT B1,4.978472823148367
100,0.95,7,5038100.0,6.270499999999999,New Solar,solar,481763126.6496866,73285615.01390836,TENT B1,4.978472823148367
100,0.95,8,5071300.0,6.270499999999999,New Solar,solar,481763126.6496866,73285615.01390836,TENT B1,4.978472823148367
100,0.95,9,5046400.0,6.270499999999999,New Solar,solar,481763126.6496866,73285615.01390836,TENT B1,4.978472823148367
100,0.95,10,5046400.0,6.270499999999999,New Solar,solar,481763126.6496866,73285615.01390836,TENT B1,4.978472823148367
100,0.95,11,5029800.0,6.270499999999999,New Solar,solar,481763126.6496866,73285615.01390836,TENT B1,4.978472823148367
100,0.95,12,4980000.0,4.026652244733736,mixed,mixed,481763126.6496866,73285615.01390836,TENT B1,4.978472823148367
100,0.95,13,4963400.0,1.7792458814335612,Vrla 1,hydro,481763126.6496866,73285615.01390836,TENT B1,4.978472823148367
100,0.95,14,4921900.0,1.7544477374803478,Vrla 3,hydro,481763126.6496866,73285615.01390836,TENT B1,4.978472823148367
100,0.95,15,4921900.0,1.7544477374803478,Vrla 3,hydro,481763126.6496866,73285615.01390836,TENT B1,4.978472823148367
100,0.95,16,4921900.0,1.7544477374803478,Vrla 3,hydro,481763126.6496866,73285615.01390836,TENT B1,4.978472823148367
100,0.95,17,5096200.0,15.004783861518998,TETO NS,thermal-gas,481763126.6496866,73285615.01390836,TENT B1,4.978472823148367
100,0.95,18,5187500.0,15.004783861518998,TETO NS,thermal-gas,481763126.6496866,73285615.01390836,TENT B1,4.978472823148367
100,0.95,19,5174827.707,15.004783861518998,TETO NS,thermal-gas,481763126.6496866,73285615.01390836,TENT B1,4.978472823148367
100,0.95,20,5158241.72,15.004783861518998,TETO NS,thermal-gas,481763126.6496866,73285615.01390836,TENT B1,4.978472823148367
100,0.95,21,4967502.879,1.7792458814335612,Vrla 1,hydro,481763126.6496866,73285615.01390836,TENT B1,4.978472823148367
100,0.95,22,4793350.023,1.6960895520989059,HEDJ 1,hydro,481763126.6496866,73285615.01390836,TENT B1,4.978472823148367
100,0.95,23,4635783.154,1.6960895520989059,HEDJ 1,hydro,481763126.6496866,73285615.01390836,TENT B1,4.978472823148367
100,1.0,0,4619197.168,1.7837480265463252,HEDJ 1,hydro,481763126.6496866,73285615.01390836,TENT B1,5.189594982670651
100,1.0,1,4461630.298,1.7837480265463252,HEDJ 1,hydro,481763126.6496866,73285615.01390836,TENT B1,5.189594982670651
100,1.0,2,4469923.292,1.7837480265463252,HEDJ 1,hydro,481763126.6496866,73285615.01390836,TENT B1,5.189594982670651
100,1.0,3,4386993.36,1.7837480265463252,HEDJ 1,hydro,481763126.6496866,73285615.01390836,TENT B1,5.189594982670651
100,1.0,4,4254305.47,1.7837480265463252,HEDJ 1,hydro,481763126.6496866,73285615.01390836,TENT B1,5.189594982670651
100,1.0,5,4204547.512,1.7820854429930346,Zvornik,hydro,481763126.6496866,73285615.01390836,TENT B1,5.189594982670651
100,1.0,6,4672900.0,1.7837480265463252,HEDJ 1,hydro,481763126.6496866,73285615.01390836,TENT B1,5.189594982670651
100,1.0,7,5038100.0,6.6,New Solar,solar,481763126.6496866,73285615.01390836,TENT B1,5.189594982670651
100,1.0,8,5071300.0,6.6,New Solar,solar,481763126.6496866,73285615.01390836,TENT B1,5.189594982670651
100,1.0,9,5046400.0,6.6,New Solar,solar,481763126.6496866,73285615.01390836,TENT B1,5.189594982670651
100,1.0,10,5046400.0,6.6,New Solar,solar,481763126.6496866,73285615.01390836,TENT B1,5.189594982670651
100,1.0,11,5029800.0,6.6,New Solar,solar,481763126.6496866,73285615.01390836,TENT B1,5.189594982670651
100,1.0,12,4980000.0,3.177887643586847,mixed,mixed,481763126.6496866,73285615.01390836,TENT B1,5.189594982670651
100,1.0,13,4963400.0,1.8712020988634208,Vrla 1,hydro,481763126.6496866,73285615.01390836,TENT B1,5.189594982670651
100,1.0,14,4921900.0,1.845122320066471,Vrla 3,hydro,481763126.6496866,73285615.01390836,TENT B1,5.189594982670651
100,1.0,15,4921900.0,1.845122320066471,Vrla 3,hydro,481763126.6496866,73285615.01390836,TENT B1,5.189594982670651
100,1.0,16,4921900.0,1.845122320066471,Vrla 3,hydro,481763126.6496866,73285615.01390836,TENT B1,5.189594982670651
100,1.0,17,5096200.0,15.760637781804718,TETO NS,thermal-gas,481763126.6496866,73285615.01390836,TENT B1,5.189594982670651
100,1.0,18,5187500.0,15.760637781804718,TETO NS,thermal-gas,481763126.6496866,73285615.01390836,TENT B1,5.189594982670651
100,1.0,19,5174827.707,15.760637781804718,TETO NS,thermal-gas,481763126.6496866,73285615.01390836,TENT B1,5.189594982670651
100,1.0,20,5158241.72,15.760637781804718,TETO NS,thermal-gas,481763126.6496866,73285615.01390836,TENT B1,5.189594982670651
100,1.0,21,4967502.879,1.8712020988634208,Vrla 1,hydro,481763126.6496866,73285615.01390836,TENT B1,5.189594982670651
100,1.0,22,4793350.023,1.7837480265463252,HEDJ 1,hydro,481763126.6496866,73285615.01390836,TENT B1,5.189594982670651
100,1.0,23,4635783.154,1.7837480265463252,HEDJ 1,hydro,481763126.6496866,73285615.01390836,TENT B1,5.189594982670651
